count,timestamp,y,y_target,z,z_target,vy,vy_target,vz,vz_target,roll,roll_target,pitch,yaw,thrust,joy_roll,joy_pitch,joy_throttle,joy_yaw,dt
0,6099770031000,-0.0,0.0,0.07000000029802322,0.12000000029802323,-0.01646133127166473,0.0,-0.05096692219376564,0.15000000000000002,-0.2623759986572445,0.9656449647300472,-0.45619075314309954,90.04049371803144,0.4745887289483044,0.02145877699400105,0.0,-0.05082254210339121,0.0,0.060426521000000004
1,6099837187000,-0.0,0.0,0.07000000029802322,0.12000000029802323,-0.026513302076786507,0.0,-0.03775199130177498,0.15000000000000002,-0.6312135637384862,-2.003040495281322,-0.5141440193085052,90.04631962542948,0.46860062560523696,-0.0445120110062516,0.0,-0.06279874878952607,0.0,0.037375872000000004
2,6099872087000,-0.0,0.0,0.07000000029802322,0.12000000029802323,-0.02782332241673117,0.0,-0.037630509585142136,0.15000000000000002,-0.5008448455625215,-0.9710432870483519,-0.3637510622919178,90.01337443602142,0.47378015603575563,-0.021578739712185598,0.0,-0.05243968792848874,0.0,0.045713662
3,6099940015000,0.0,0.0,0.07000000029802322,0.12000000029802323,-0.017840457530147145,0.0,-0.023613063618540764,0.15000000000000002,-0.1609819398759819,0.09705328035519095,-0.3586335285587475,89.98401522064091,0.469585045349869,0.002156739563448688,0.0,-0.060829909300262,0.0,0.051110952
4,6099975013000,0.0,0.0,0.07000000029802322,0.12000000029802323,0.013304469523189961,0.0,-0.036215685307979584,0.15000000000000002,-0.07144477992419034,1.3158912943056498,-0.29354135368852735,89.9841098079009,0.48273703970544063,0.02924202876234777,0.0,-0.03452592058911874,0.0,0.049178261
5,6100044113000,0.0,0.0,0.07000000029802322,0.12000000029802323,-0.04703196391818072,0.0,-0.03422744944691658,0.15000000000000002,-0.05902082697382835,0.33060427502926276,-0.41382668366826947,89.9607834312788,0.4838166037532785,0.00734676166731695,0.0,-0.032366792493442986,0.0,0.049677951000000005
6,6100079087000,0.0,0.0,0.07000000029802322,0.12000000029802323,-0.010788429699183418,0.0,-0.03905646130442619,0.15000000000000002,-0.3401617274162633,-1.08419899602737,-0.5616915051598164,89.93771179583023,0.4899495858502092,-0.02409331102283044,0.0,-0.020100828299581597,0.0,0.050467793000000004
7,6100114113000,0.0,0.0,0.07000000029802322,0.12000000029802323,-0.011185773646465513,0.0,-0.020824545994400978,0.15000000000000002,0.15998746982617698,0.8526014222915684,-0.5860779050140416,89.95765562119902,0.482952631719792,0.018946698273145966,0.0,-0.03409473656041595,0.0,0.06586096500000001
8,6100184029000,0.0,0.0,0.07000000029802322,0.12000000029802323,-0.03907924385461528,0.0,0.01663372851908207,0.15000000000000002,0.034515846367732445,-0.2812536900447889,-0.9313996458688316,89.94775044354303,0.4617314128786763,-0.0062500820009953086,0.0,-0.07653717424264739,0.0,0.033834091000000004
9,6100253134000,0.0,0.0,0.07999999821186066,0.12000000029802323,-0.008295000748424538,0.0,0.07285504788160324,0.12000000625848771,-0.9119412204449947,-0.59038863600367,-1.010396464876923,89.89483541650536,0.42672912876736596,-0.013119747466748221,0.0,-0.14654174246526808,0.0,0.050538989000000006
10,6100288342000,0.0,0.0,0.07999999821186066,0.12000000029802323,-0.0030584566103013544,0.0,0.10688667744398117,0.12000000625848771,-1.2464550425017564,-0.07275153876322558,-0.9984248420182005,89.78675185524048,0.4181073298597323,-0.001616700861405013,0.0,-0.16378534028053537,0.0,0.049799136
11,6100323205000,0.0,0.0,0.07999999821186066,0.12000000029802323,0.0014445786851379518,0.0,0.11703168600797653,0.12000000625848771,-1.2237655103331677,-0.07930029938146885,-1.0198084485074943,89.76218751941998,0.4216639819580391,-0.0017622288751437522,0.0,-0.15667203608392177,0.0,0.049891267
12,6100392028000,0.00958067049362132,0.0,0.09999999403953552,0.12000000029802323,-0.0023176582569980654,-0.0032830256231222493,0.1701667606830597,0.06000001877546311,-0.9327940577155843,1.1444365723202443,-1.1255515015335182,89.85622340798159,0.3734424712753138,0.025431923829338763,0.0,-0.25311505744937235,0.0,0.057297693000000004
13,6100429106000,0.009580603351532428,0.0,0.10999999940395355,0.12000000029802323,-0.0182450373417882,-0.009906174493988517,0.14325247704982758,0.030000002682209023,-0.6845760487253872,4.036138472095616,-1.0245143680444244,89.74176755935619,0.38574723541048894,0.08969196604656925,0.0,-0.22850552917902212,0.0,0.057629223
14,6100498112000,0.009580678221525148,0.0,0.11999999731779099,0.12000000029802323,-0.016759773647468987,-0.01306270825408538,0.12211558222770691,8.940696724635266e-09,0.02668429795064305,3.2798388491163886,-1.0647957485633388,89.87600078824313,0.38577520737279686,0.07288530775814196,0.0,-0.22844958525440628,0.0,0.045400488
15,6100533089000,0.009580690217781209,0.0,0.11999999731779099,0.12000000029802323,0.01346753889785756,-0.013798545222631535,0.13349516689777374,8.940696724635266e-09,0.03283507332122419,-0.0014412193402836074,-1.2277483008957952,89.91541384598797,0.37289379957419627,-3.202709645074683e-05,0.0,-0.25421240085160746,0.0,0.056503593000000005
16,6100569241000,0.00958061962052847,0.0,0.12999999523162842,0.12000000029802323,-0.021680986970764534,-0.014370929430792705,0.11952485889196396,-0.029999984800815574,-0.18723158169012327,0.26880721752279435,-0.9754769934522968,89.76434158994739,0.36670910170223875,0.005973493722728763,0.0,-0.2665817965955225,0.0,0.07
17,6100673069000,0.009580698248802194,0.0,0.14000000059604645,0.12000000029802323,0.0013276528977669837,-0.014370929430792705,0.029367754235863686,-0.06000000089406966,-0.32904269138221814,-0.5530855234453729,-1.1519597071010812,89.95936513451834,0.41473303779920884,-0.012290789409897175,0.0,-0.17053392440158233,0.0,0.03
18,6100744030000,0.009580625250170506,0.0,0.14000000059604645,0.12000000029802323,-0.023378086563131235,-0.014370929430792705,-0.02035890519618988,-0.06000000089406966,-0.1641137213022637,0.6864870134772157,-1.2832378312701949,89.77267444841448,0.42523445572346336,0.01525526696616035,0.0,-0.1495310885530733,0.0,0.049131383
19,6100779055000,0.009580487047220526,0.0,0.14000000059604645,0.12000000029802323,0.011772266490913995,-0.014370929430792705,-0.045388542115688324,-0.06000000089406966,-0.7279251980326633,-0.6366722177201862,-1.3101042528823112,89.61739411122085,0.42487601204097747,-0.014148271504893027,0.0,-0.15024797591804506,0.0,0.05077215
20,6100848928000,0.00958069794810098,0.0,0.14000000059604645,0.12000000029802323,-0.019500805998647557,-0.014370929430792705,-0.09369015693664551,-0.06000000089406966,-0.5685369078514266,1.2976877605871915,-1.2806046403561449,89.95690404251,0.44486059161263847,0.028837505790826477,0.0,-0.11027881677472307,0.0,0.049506150000000006
21,6100883071000,0.00958067284073539,0.0,0.14000000059604645,0.12000000029802323,-0.0017691616578134285,-0.014370929430792705,-0.09768345952033997,-0.06000000089406966,-0.3688066483824186,1.0928416742364389,-1.3993605727058276,89.86193030862796,0.43698615061700147,0.02428537053858753,0.0,-0.12602769876599706,0.0,0.049583575000000005
22,6100952117000,0.009580643999756309,0.0,0.14000000059604645,0.12000000029802323,-0.007401251635597767,-0.014370929430792705,-0.04759670048952103,-0.06000000089406966,-0.3277144645377935,-0.008586157852654352,-1.316370025733474,89.80295212035219,0.40219511410551284,-0.0001908035078367634,0.0,-0.19560977178897432,0.0,0.050710875
23,6100986065000,0.009580675065332256,0.0,0.14000000059604645,0.12000000029802323,-0.00952395725335329,-0.014370929430792705,-0.07288110256195068,-0.06000000089406966,-0.5896110257345861,0.6763795383388951,-1.3153664862999195,89.86756612346859,0.42255250673244094,0.015030656407531002,0.0,-0.15489498653511813,0.0,0.07
24,6101021184000,0.009580656142432416,0.0,0.14000000059604645,0.12000000029802323,0.002956266426342906,-0.014370929430792705,-0.04931594803929329,-0.06000000089406966,-0.9875407593842312,-0.07386051014639052,-1.459457908360058,89.8253388170218,0.4059022302261404,-0.0016413446699197892,0.0,-0.18819553954771917,0.0,0.033848807
25,6101092064000,0.009580675224061216,0.0,0.14000000059604645,0.12000000029802323,0.03741617256428363,-0.014370929430792705,-0.033928025513887405,-0.06000000089406966,-0.019168665094855382,0.28543503263356357,-1.4582562883561927,89.86797744401935,0.4000748852649784,0.006343000725190302,0.0,-0.19985022947004316,0.0,0.050353229000000006
26,6101129394000,0.009580694992317942,0.0,0.14000000059604645,0.12000000029802323,-0.008957909687653653,-0.014370929430792705,-0.04427596181631088,-0.06000000089406966,0.02149564803467839,0.7723225655921651,-1.5655996602744688,89.93768750387777,0.40973705658269277,0.01716272367982589,0.0,-0.18052588683461446,0.0,0.043953111
27,6101198050000,0.009580491549601649,0.0,0.12999999523162842,0.12000000029802323,0.022451139431006576,-0.014370929430792705,-0.0442579947412014,-0.029999984800815574,-0.6500748536956896,-0.6883710223618437,-1.5547193670497703,89.62144778280933,0.42037833694934873,-0.015297133830263192,0.0,-0.15924332610130254,0.0,0.049900706
28,6101233155000,0.009580648852702245,0.0,0.12999999523162842,0.12000000029802323,-0.007020002847482978,-0.014370929430792705,-0.038306158035993576,-0.029999984800815574,-0.4529413874028252,0.6675926911195623,-1.528337883858545,89.81157983719791,0.41706561914087237,0.014835393135990273,0.0,-0.16586876171825526,0.0,0.055977301
29,6101303018000,0.009580673164084575,0.0,0.12999999523162842,0.12000000029802323,0.013361374734649042,-0.014370929430792705,-0.10616006702184677,-0.029999984800815574,-0.16705954665475825,0.4273013751495199,-1.5554219546601717,89.86273511131819,0.4608219166959032,0.009495586114433775,0.0,-0.07835616660819356,0.0,0.043197762
30,6101338055000,0.009580520223363668,0.0,0.12999999523162842,0.12000000029802323,0.029497972572233813,-0.014370929430792705,-0.07347865402698517,-0.029999984800815574,-0.22514052557355407,-0.03056736082319229,-1.5948935711524244,89.64835864441724,0.43150048801437496,-0.0006792746849598287,0.0,-0.13699902397125008,0.0,0.05168971
31,6101373023000,0.009580607121973618,0.0,0.12999999523162842,0.12000000029802323,-0.011172959228283211,-0.014370929430792705,-0.09618300944566727,-0.029999984800815574,-0.8788753769205113,0.19784067438450384,-1.3624449718609195,89.74681998935061,0.44684622176996264,0.004396459430766752,0.0,-0.10630755646007473,0.0,0.050249999000000004
32,6101442154000,0.009580687044562115,0.0,0.12999999523162842,0.12000000029802323,-0.01785248035238133,-0.014370929430792705,-0.0782657191157341,-0.029999984800815574,-0.7817347357868053,0.09663696475567952,-1.3868620731307006,89.90341112034703,0.43383355640395144,0.002147488105681767,0.0,-0.13233288719209713,0.0,0.047893152
33,6101476093000,0.009580693156470449,0.0,0.11999999731779099,0.12000000029802323,-0.0009924640508288578,-0.014370929430792705,-0.05382712930440903,8.940696724635266e-09,0.10409308065436501,-0.33414130847916235,-1.4494519733995854,89.92829961085646,0.4329203598589815,-0.0074253624106480525,0.0,-0.13415928028203705,0.0,0.056865338
34,6101545095000,0.009580681774069458,0.0,0.11999999731779099,0.12000000029802323,0.0059247409577061205,-0.014370929430792705,-0.047587137669324875,8.940696724635266e-09,0.8259367722304986,0.9805140389976201,-1.420536110910049,89.8862403431633,0.4340927978679206,0.021789200866613782,0.0,-0.1318144042641588,0.0,0.052195542000000004
35,6101579069000,0.009580614100986892,0.0,0.11999999731779099,0.12000000029802323,0.011071464058444894,-0.014370929430792705,-0.0553295835852623,8.940696724635266e-09,-0.338091708507345,-0.1434549759431205,-1.6423317406243756,89.75644833153251,0.4420682912763299,-0.003187888354291567,0.0,-0.11586341744734019,0.0,0.051167998000000006
36,6101648657000,0.009580618145788582,0.0,0.11999999731779099,0.12000000029802323,0.0005501452408019005,-0.014370929430792705,-0.07051790505647659,8.940696724635266e-09,-1.4504364959896507,0.8025411626788533,-1.6045771539337697,89.76220697662178,0.4522078469038223,0.017834248059530076,0.0,-0.09558430619235536,0.0,0.045915458000000006
37,6101682156000,0.009580665477110386,0.0,0.11999999731779099,0.12000000029802323,-0.008208593797348724,-0.014370929430792705,-0.04198600724339485,8.940696724635266e-09,-0.8286067762413032,0.001862628975970908,-1.6099866010400374,89.84472764072743,0.4331403363562836,4.1391755021575734e-05,0.0,-0.13371932728743285,0.0,0.045686601
38,6101751079000,0.019161352648253346,0.0,0.11999999731779099,0.12000000029802323,0.0025584979863806723,-0.018414719275432704,-0.07082328200340271,8.940696724635266e-09,1.9341104196814343,2.4474210254697377,-1.4508927189996812,89.87086408502178,0.45464930824463834,0.054387133899327506,0.0,-0.09070138351072332,0.0,0.0635908
39,6101785025000,0.019161303356238103,0.0,0.11999999731779099,0.12000000029802323,0.02549054134796281,-0.023530897728194305,-0.06978334486484528,8.940696724635266e-09,1.6288593230470074,2.4218328174094332,-1.5416318509167124,89.81678998814343,0.45269519713706285,0.05381850705354296,0.0,-0.09460960572587429,0.0,0.046480560000000004
40,6101820011000,0.019161074232534728,0.0,0.11999999731779099,0.12000000029802323,0.028607303105814687,-0.02648473939266083,-0.046864889562129974,8.940696724635266e-09,0.4061584946617762,1.8627490400352649,-1.5717467455582297,89.66522404524028,0.4399743762106254,0.04139442311189478,0.0,-0.12005124757874919,0.0,0.063700806
41,6101890110000,0.01916129853685574,0.0,0.11999999731779099,0.12000000029802323,-0.015119561151761787,-0.02874194780528361,-0.02449818141758442,8.940696724635266e-09,-0.33463022729365965,0.9510521409811966,-1.5340029609474162,89.8123373711528,0.42726707480653386,0.02113449202180437,0.0,-0.14546585038693227,0.0,0.03
42,6101925045000,0.019161349124049317,0.0,0.11999999731779099,0.12000000029802323,0.020368294777403966,-0.02874194780528361,-0.024332325905561447,8.940696724635266e-09,0.2420595546692554,0.9241292197863787,-1.5787897963002406,89.86627024832953,0.43415529865960634,0.02053620488414175,0.0,-0.13168940268078733,0.0,0.066875934
43,6101993105000,0.019161374788112195,0.0,0.11999999731779099,0.12000000029802323,0.06035961074838596,-0.02874194780528361,-0.02966466173529625,8.940696724635266e-09,2.6606813190646603,-0.06692329612911062,-1.7489490222663382,89.90465900751862,0.43958493188554376,-0.0014871843584246805,0.0,-0.12083013622891248,0.0,0.033656748
44,6102030129000,0.019161223347712544,0.0,0.11999999731779099,0.12000000029802323,0.047325142353243074,-0.02874194780528361,-0.016799338161945343,8.940696724635266e-09,1.6559211409180863,1.1930210608914402,-1.7510975530747142,89.75305724873449,0.4325711198957464,0.026511579130920893,0.0,-0.13485776020850715,0.0,0.060632829000000006
45,6102098176000,0.019161185245085147,0.0,0.11999999731779099,0.12000000029802323,-0.022042505013363696,-0.02874194780528361,-0.03479362279176712,8.940696724635266e-09,-0.5178739610869595,1.3180241366995642,-1.723306625851845,89.72790341791426,0.44589147139018603,0.029289425259990315,0.0,-0.10821705721962793,0.0,0.039995192000000006
46,6102132077000,0.019161364282132387,0.0,0.12999999523162842,0.12000000029802323,-0.01817246226990238,-0.02874194780528361,-0.06087629869580269,-0.029999984800815574,-0.26194931628233226,1.5515811143408171,-1.6398596246643715,89.88735117361348,0.4480010327851633,0.034479580318684824,0.0,-0.10399793442967342,0.0,0.066057719
47,6102201014000,0.019161391303516902,0.0,0.11999999731779099,0.12000000029802323,0.009044259987565603,-0.02874194780528361,-0.06295009702444077,8.940696724635266e-09,1.9619265401979216,0.9306050508108406,-1.6856614194621335,90.05857418681829,0.457239983294959,0.0206801122402409,0.0,-0.08552003341008196,0.0,0.03334012
48,6102236119000,0.019161271545034525,0.0,0.11999999731779099,0.12000000029802323,0.05432802402448887,-0.02874194780528361,-0.04617224261164665,8.940696724635266e-09,2.10945569072546,0.21011506440996452,-1.5826176388039814,89.78913044290557,0.4464296885187336,0.004669223653554767,0.0,-0.1071406229625328,0.0,0.06645578
49,6102271117000,0.01916116432360855,0.0,0.11999999731779099,0.12000000029802323,0.008886140070834742,-0.02874194780528361,-0.07225782424211502,8.940696724635266e-09,0.7873347913599591,1.5770046162459466,-1.4654939004246768,89.71503460399677,0.4655931165429663,0.0350445470276877,0.0,-0.06881376691406738,0.0,0.032433444
50,6102341082000,0.01916136146519463,0.0,0.11999999731779099,0.12000000029802323,-0.03238393118114221,-0.02874194780528361,-0.07670765370130539,8.940696724635266e-09,-1.1781596082077015,0.7654233916713397,-1.35286416642065,89.88314549063634,0.4652591158601871,0.017009408703807547,0.0,-0.06948176827962582,0.0,0.050911535
51,6102375105000,0.019161400331532193,0.0,0.11999999731779099,0.12000000029802323,-0.01002853215121094,-0.02874194780528361,-0.0630519911646843,8.940696724635266e-09,-0.6921654145521161,1.7867729616016303,-1.280585618334167,90.01837131352292,0.4559013454117435,0.039706065813369565,0.0,-0.08819730917651303,0.0,0.049304393
52,6102446170000,0.019161390659929365,0.0,0.11999999731779099,0.12000000029802323,-0.0016335749668895513,-0.02874194780528361,-0.020057275891304016,8.940696724635266e-09,0.7372907465580392,0.5963989242813708,-1.6560628330805685,89.93957269426994,0.4333185680747404,0.013253309428474906,0.0,-0.1333628638505192,0.0,0.061566339000000005
53,6102481157000,0.019161343176173577,0.0,0.11999999731779099,0.12000000029802323,0.026009495109539253,-0.02874194780528361,-0.01816723868250847,8.940696724635266e-09,0.6595658942284965,-0.5551196544893595,-1.8612321171592676,89.85885583543411,0.43791860527776894,-0.012335992321985767,0.0,-0.12416278944446213,0.0,0.040670611
54,6102551098000,0.01916116701570071,0.0,0.12999999523162842,0.12000000029802323,-0.009630686913317008,-0.02874194780528361,-0.0063190823420882225,-0.029999984800815574,-0.8491000092287575,1.2349349258384572,-1.7099006547322269,89.71665774479551,0.4232307850410654,0.027442998351965717,0.0,-0.15353842991786915,0.0,0.056762254000000005
55,6102585083000,0.0191612021524914,0.0,0.12999999523162842,0.12000000029802323,0.002422612412814955,-0.02874194780528361,-0.015308271162211895,-0.029999984800815574,-0.8935215836531438,1.762837346173437,-1.7035848907295992,89.73876592318416,0.4309631250506878,0.0391741632482986,0.0,-0.13807374989862442,0.0,0.054846633000000006
56,6102620121000,0.01916134871994308,0.0,0.12999999523162842,0.12000000029802323,-0.019933424729969552,-0.02874194780528361,0.0006934013217687607,-0.029999984800815574,-0.20755480368264928,0.9431645719179689,-1.644562527696178,89.86575353733835,0.4200664897384713,0.020959212709288196,0.0,-0.15986702052305735,0.0,0.036894174
57,6102690025000,0.01916135101674666,0.0,0.12999999523162842,0.12000000029802323,0.015733586180996163,-0.02874194780528361,-0.046192627400159836,-0.029999984800815574,0.7608825828903296,0.0027749103017562994,-1.7680628719516374,89.8687174145035,0.44971374911962425,6.166467337236221e-05,0.0,-0.1005725017607515,0.0,0.06255092200000001
58,6102724131000,0.019161193508864232,0.0,0.12999999523162842,0.12000000029802323,0.041925255576397945,-0.02874194780528361,-0.03645215928554535,-0.029999984800815574,0.49794919900475865,0.21780714659782444,-1.7402701470396171,89.73315739935303,0.43902091007820665,0.004840158813284988,0.0,-0.1219581798435867,0.0,0.037184141000000004
59,6102792143000,0.019161258800726833,0.0,0.12999999523162842,0.12000000029802323,-0.03159755838032822,-0.02874194780528361,-0.04186159372329712,-0.029999984800815574,-1.041490876477963,2.0029272938275815,-1.4916034671014773,89.77901857565132,0.4417740263762667,0.0445094954183907,0.0,-0.11645194724746655,0.0,0.051031122000000005
60,6102826088000,0.019161306854223452,0.0,0.12999999523162842,0.12000000029802323,-0.021054780051411343,-0.02874194780528361,-0.06956484913825989,-0.029999984800815574,-0.8993501120312783,2.0943987482014204,-1.314985701895277,89.82009077475713,0.45785127237227835,0.04654219440447601,0.0,-0.0842974552554433,0.0,0.05044005
61,6102895108000,0.019161381959461685,0.0,0.12999999523162842,0.12000000029802323,-0.005231398768818384,-0.02874194780528361,-0.079957015812397,-0.029999984800815574,0.9227807479844884,0.057908824280108136,-1.3919935039301299,89.91855887721677,0.4602890603083649,0.0012868627617801808,0.0,-0.07942187938327017,0.0,0.051972285
62,6102929364000,0.01916125257335495,0.0,0.12999999523162842,0.12000000029802323,0.034635140575095084,-0.02874194780528361,-0.0743211880326271,-0.029999984800815574,1.3603293572648276,0.7540094012854875,-1.2749788956760908,89.77424218548978,0.4545121542796983,0.016755764473010835,0.0,-0.09097569144060336,0.0,0.053945353
63,6102998118000,0.019161317057796674,0.0,0.12999999523162842,0.12000000029802323,-0.011265533288206706,-0.02874194780528361,-0.09419345110654831,-0.029999984800815574,0.4118993763668479,1.472370913228231,-1.323338707551686,89.83008504596076,0.46740517826081435,0.03271935362729402,0.0,-0.0651896434783713,0.0,0.042368124
64,6103032131000,0.019161252179847068,0.0,0.12999999523162842,0.12000000029802323,-0.042675431282485216,-0.02874194780528361,-0.059616245329380035,-0.029999984800815574,0.06920691930545629,0.6351335066099315,-1.4853074713454502,89.77394375525702,0.4439544881195584,0.014114077924665144,0.0,-0.1120910237608832,0.0,0.050311510000000004
65,6103069549000,0.019161337744651157,0.0,0.12999999523162842,0.12000000029802323,-0.031903556881849204,-0.02874194780528361,-0.07206222414970398,-0.029999984800815574,1.0388042827337582,0.8837528679893971,-1.5455902447443393,89.85241010683094,0.4558954380060547,0.019638952621986602,0.0,-0.0882091239878906,0.0,0.049589376000000004
66,6103138021000,0.01916137432816419,0.0,0.12999999523162842,0.12000000029802323,0.02838832868584373,-0.02874194780528361,-0.04061344638466835,-0.029999984800815574,2.8779495832919375,0.6593304542898655,-1.6903220788575362,89.90383605088394,0.4379472740551404,0.014651787873108122,0.0,-0.12410545188971922,0.0,0.061201004
67,6103173127000,0.019161239552991188,0.0,0.12999999523162842,0.12000000029802323,-0.010413899183163334,-0.02874194780528361,-0.08007141947746277,-0.029999984800815574,2.577545345222402,2.1837335345493636,-1.7722072536629816,89.76456847634289,0.4669975889610358,0.04852741187887474,0.0,-0.06600482207792835,0.0,0.041007140000000004
68,6103244106000,0.019161090630508505,0.0,0.12999999523162842,0.12000000029802323,0.04105913604434095,-0.02874194780528361,-0.06517460942268372,-0.029999984800815574,0.9039388322354799,0.6647430359964364,-1.845217860688682,89.67372376966422,0.4542392824463455,0.014772067466587475,0.0,-0.09152143510730903,0.0,0.07
69,6103279019000,0.019161328079948477,0.0,0.12999999523162842,0.12000000029802323,-0.008941311630977236,-0.02874194780528361,-0.0427912138402462,-0.029999984800815574,0.666781534531732,0.08074635731743612,-1.6830447599274567,89.84158797404558,0.44040039826623095,0.001794363495943025,0.0,-0.1191992034675381,0.0,0.037999113
70,6103351138000,0.019161277725412266,0.0,0.12999999523162842,0.12000000029802323,0.04254028266437684,-0.02874194780528361,-0.030986815690994263,-0.029999984800815574,2.2597827235656,1.3085268181519536,-1.5270982639742352,89.79421304127081,0.4356673474710511,0.02907837373671008,0.0,-0.12866530505789775,0.0,0.03
71,6103385120000,0.019161287709593904,0.0,0.12999999523162842,0.12000000029802323,0.033810812507093974,-0.02874194780528361,-0.025837047025561333,-0.029999984800815574,2.3012570841036846,1.7100469362617605,-1.5248153224798844,89.80270021011232,0.43694682474929325,0.038001043028039125,0.0,-0.1261063505014135,0.0,0.050033560000000005
72,6103419129000,0.019161300309422494,0.0,0.12999999523162842,0.12000000029802323,0.009067101218980887,-0.02874194780528361,-0.0457855686545372,-0.029999984800815574,1.3141979597007094,0.9745005846673627,-1.53030655794991,89.81396265152654,0.4510282587778199,0.021655568548163615,0.0,-0.09794348244436024,0.0,0.07
73,6103488383000,0.019161326700794016,0.0,0.12999999523162842,0.12000000029802323,0.018596948080473973,-0.02874194780528361,-0.0676879808306694,-0.029999984800815574,-0.49920261591678716,1.3431376322924873,-1.4477534776654264,89.84010336192715,0.4648900680820024,0.02984750293983305,0.0,-0.07021986383599521,0.0,0.03
74,6103524086000,0.019161371796212162,0.0,0.12999999523162842,0.12000000029802323,0.0072747463432894,-0.02874194780528361,-0.055880118161439896,-0.029999984800815574,-0.36944376040108434,0.8317428888169919,-1.5217848562095877,89.89942627868506,0.4532170925248851,0.018483175307044263,0.0,-0.09356581495022975,0.0,0.06138176100000001
75,6103593104000,0.019161304680593693,0.0,0.12999999523162842,0.12000000029802323,0.054662784720929086,-0.02874194780528361,-0.07123444974422455,-0.029999984800815574,0.7420210051997504,0.5199794602448037,-1.59209990177137,89.81803264001495,0.4624010591446188,0.011555099116551193,0.0,-0.07519788171076236,0.0,0.068479341
76,6103631177000,0.019161161144502628,0.0,0.12999999523162842,0.12000000029802323,0.038188304983512035,-0.02874194780528361,-0.042087655514478683,-0.029999984800815574,0.7608845149513482,1.8480318956926516,-1.5672005787338268,89.71312965436378,0.44135929172859123,0.0410673754598367,0.0,-0.11728141654281754,0.0,0.03
77,6103700060000,0.0191613391969865,0.0,0.12999999523162842,0.12000000029802323,-0.009293524191536274,-0.02874194780528361,-0.06409589946269989,-0.029999984800815574,0.005994365675787147,1.122032378964046,-1.7102439335119144,89.85410573534905,0.4597925064659054,0.02493405286586769,0.0,-0.08041498706818917,0.0,0.050474714000000004
78,6103735136000,0.01916137840637231,0.0,0.12999999523162842,0.12000000029802323,0.007813481742239422,-0.02874194780528361,-0.08065719157457352,-0.029999984800815574,0.028022996035395605,1.01635859726122,-1.6813513992251479,89.91139912350735,0.4691027541365861,0.022585746605804886,0.0,-0.06179449172682783,0.0,0.049874265
79,6103769455000,0.019161344977544677,0.0,0.12999999523162842,0.12000000029802323,0.022343898678335788,-0.02874194780528361,-0.06221693754196167,-0.029999984800815574,0.6736210663601475,0.4023579839855224,-1.799388148736403,89.86105958591357,0.4556628272622617,0.00894128853301161,0.0,-0.08867434547547659,0.0,0.049760611
80,6103838176000,0.019161256562270645,0.0,0.12999999523162842,0.12000000029802323,0.009836898457409649,-0.02874194780528361,-0.025047721341252327,-0.029999984800815574,1.5431251720403858,1.2242470108519758,-1.7643896464824742,89.7772898879893,0.4355247550252462,0.02720548913004391,0.0,-0.12895048994950764,0.0,0.054000945
81,6103872111000,0.019161348094706213,0.0,0.12999999523162842,0.12000000029802323,-0.004372607538732077,-0.02874194780528361,-0.07603144645690918,-0.029999984800815574,0.9522923593322223,1.2221573733414306,-1.8089458500238773,89.86495797323525,0.4729715416382561,0.02715905274092068,0.0,-0.05405691672348778,0.0,0.045269722000000005
82,6103940038000,0.019161178136624296,0.0,0.12999999523162842,0.12000000029802323,0.02169544481958518,-0.02874194780528361,-0.06214544549584389,-0.029999984800815574,-0.42900173405328,1.286172232177412,-1.71472730279331,89.72346382150226,0.45963121386849076,0.028581605159498046,0.0,-0.08073757226301848,0.0,0.050612049000000006
83,6103975174000,0.019161274230606463,0.0,0.12999999523162842,0.12000000029802323,-0.0158630407562224,-0.02874194780528361,-0.055822014808654785,-0.029999984800815574,-0.9229893014622085,0.13065713579681262,-1.5664783020890352,89.79132378516036,0.45666827434854695,0.002903491906595836,0.0,-0.08666345130290609,0.0,0.07
84,6104045220000,0.019161386229317165,0.0,0.12999999523162842,0.12000000029802323,0.016683747243765538,-0.02874194780528361,-0.049510013312101364,-0.029999984800815574,0.2781060748346521,0.23294947648791048,-1.5715316527049534,89.9281000743987,0.453540519346901,0.005176655033064677,0.0,-0.09291896130619803,0.0,0.037720652
85,6104079039000,0.019161323261652197,0.0,0.12999999523162842,0.12000000029802323,0.03376193302984588,-0.02874194780528361,-0.03097437135875225,-0.029999984800815574,1.4097308389058754,0.18127222503749021,-1.6644186601748807,89.83645994088945,0.4428187679259298,0.004028271667499783,0.0,-0.11436246414814044,0.0,0.035684929000000004
86,6104149061000,0.019161204577838552,0.0,0.14000000059604645,0.12000000029802323,0.009760611045390201,-0.02874194780528361,-0.08848060667514801,-0.06000000089406966,1.5621386216453168,1.1227842226616733,-1.9268896463760317,89.74036140488379,0.47115427474967586,0.02495076050359274,0.0,-0.05769145050064828,0.0,0.049076367
87,6104184032000,0.019161174144007264,0.0,0.14000000059604645,0.12000000029802323,0.026149045744242063,-0.02874194780528361,-0.06739047914743423,-0.06000000089406966,1.3842263385186324,0.8870561974190667,-1.9683943465109799,89.72100120974495,0.4518249262503126,0.019712359942645925,0.0,-0.09635014749937476,0.0,0.07
88,6104252043000,0.019161297868190943,0.0,0.14000000059604645,0.12000000029802323,-0.01161920877352937,-0.02874194780528361,-0.03703135624527931,-0.06000000089406966,0.7700803213942459,1.1295759813918473,-1.6841242796198794,89.81172791172413,0.43337354614588464,0.025101688475374386,0.0,-0.13325290770823073,0.0,0.046463987000000005
89,6104288476000,0.019161257513881064,0.0,0.14000000059604645,0.12000000029802323,0.006410007722299526,-0.02874194780528361,-0.08743574470281601,-0.06000000089406966,0.6518787771402969,2.198972619362638,-1.5537602287402206,89.77802314102097,0.4670604534837317,0.04886605820805862,0.0,-0.06587909303253658,0.0,0.07
90,6104392136000,0.019161395268456453,0.0,0.14000000059604645,0.12000000029802323,0.01264998012043642,-0.02874194780528361,-0.0850866511464119,-0.06000000089406966,1.0304494218984597,-0.011769526561854756,-1.5965205030374174,89.95447684968396,0.4613445684357733,-0.00026154503470788345,0.0,-0.07731086312845337,0.0,0.065414738
91,6104428605000,0.019161286869626464,0.0,0.14000000059604645,0.12000000029802323,0.027939179632751197,-0.02874194780528361,-0.0540594607591629,-0.06000000089406966,1.2774988272033316,1.1241370031795845,-1.6003032851697876,89.80197217194004,0.4402095592361012,0.024980822292879658,0.0,-0.11958088152779756,0.0,0.035822154
92,6104497119000,0.019161283926621794,0.0,0.14000000059604645,0.12000000029802323,-0.01407243369558276,-0.02874194780528361,-0.0648110955953598,-0.06000000089406966,0.8060432253068752,1.1400848887815593,-1.5321737594109959,89.79944218563887,0.4518607116802862,0.02533521975070132,0.0,-0.09627857663942763,0.0,0.06713493400000001
93,6104532043000,0.01916139112940431,0.0,0.14000000059604645,0.12000000029802323,-0.0016785886040636172,-0.02874194780528361,-0.09681263566017151,-0.06000000089406966,0.28209168855048783,1.6456034605153724,-1.6474177649237858,89.94091874514655,0.47240119198582314,0.036568965789230495,0.0,-0.05519761602835371,0.0,0.043458155000000005
94,6104603047000,0.019161301897438494,0.0,0.14000000059604645,0.12000000029802323,-0.011842705967378261,-0.02874194780528361,-0.0637814924120903,-0.06000000089406966,0.1430311279909877,0.1985996596680399,-1.5938960278974226,89.81543086977352,0.44739390669671997,0.004413325770400887,0.0,-0.10521218660656007,0.0,0.044302159
95,6104637171000,0.019161191730414088,0.0,0.14000000059604645,0.12000000029802323,0.0385245424421953,-0.02874194780528361,-0.07198157906532288,-0.06000000089406966,0.7871177305719556,1.056757015390933,-1.4910394837398337,89.73201798973287,0.4556522065175048,0.02348348923090962,0.0,-0.08869558696499036,0.0,0.048210725
96,6104671143000,0.019161375784166223,0.0,0.14000000059604645,0.12000000029802323,0.01589370575274566,-0.02874194780528361,-0.042263127863407135,-0.06000000089406966,1.1718844635868528,1.2662817348108557,-1.5065190407815454,89.90646600118124,0.437266304917393,0.028139594106907903,0.0,-0.12546739016521402,0.0,0.045189592
97,6104740100000,0.019161310926791908,0.0,0.14000000059604645,0.12000000029802323,-0.0032908797812568956,-0.02874194780528361,-0.09073977172374725,-0.06000000089406966,0.25097309422190667,0.8504017599765676,-1.6082253473208687,89.82401173245258,0.47013878401150605,0.01889781688836817,0.0,-0.0597224319769879,0.0,0.06489059800000001
98,6104774124000,0.019161169348537364,0.0,0.12999999523162842,0.12000000029802323,0.00728204076681011,-0.02874194780528361,-0.08407367765903473,-0.029999984800815574,-0.1671174802079439,1.6106770225915108,-1.6289107842823316,89.7180718373232,0.47307110481841325,0.035792822724255796,0.0,-0.05385779036317351,0.0,0.054735475000000006
99,6104845147000,0.01916139596773188,0.05,0.14000000059604645,0.12000000029802323,-0.006250630581029051,-0.027528997576604385,-0.05542606860399246,-0.06000000089406966,0.7515294257213513,-1.161770369048828,-1.550282477575001,89.95718934737572,0.4432607269911924,-0.025817119312196175,0.0,-0.1134785460176152,0.0,0.034827435000000004
100,6104879063000,0.019161401246249245,0.05,0.14000000059604645,0.12000000029802323,0.04265339964586602,-0.02337878842428584,-0.04808143153786659,-0.06000000089406966,2.05626480610072,-1.1263628072598777,-1.5074147238652915,90.00490707034983,0.44354675335968274,-0.02503028460577506,0.0,-0.11290649328063451,0.0,0.049320432000000004
101,6104950025000,0.019161044539574186,0.05,0.14000000059604645,0.12000000029802323,0.023138024105385364,-0.016534542412118512,-0.05047392472624779,-0.06000000089406966,1.0691961775042087,-3.7734934516082803,-1.9436899452169152,89.65035842769375,0.4478391712239686,-0.08385541003573957,0.0,-0.1043216575520628,0.0,0.050740192
102,6104985108000,0.019160956357637433,0.05,0.14000000059604645,0.12000000029802323,0.00781807617898442,-0.005259686857883469,-0.029443612322211266,-0.06000000089406966,0.6140533774982199,-5.600913616785599,-1.8832153096046638,89.60953260108391,0.4360513050138036,-0.12446474703967997,0.0,-0.12789738997239275,0.0,0.058347674
103,6105020018000,0.019161242084184953,0.05,0.14000000059604645,0.12000000029802323,-0.0168726823573033,0.00510974664960781,-0.05061700940132141,-0.06000000089406966,-0.13568916014248755,-6.452593033706742,-1.7109392409496433,89.76641769792134,0.45189262220395765,-0.14339095630459425,0.0,-0.0962147555920847,0.0,0.043754658
104,6105090056000,0.019161374745812525,0.05,0.14000000059604645,0.12000000029802323,-0.012310580693267247,0.021755885519308647,-0.053842950612306595,-0.06000000089406966,0.8613810628694103,-8.161907065323327,-1.5652010270701175,89.90458302695824,0.4514252159111798,-0.1813757125627406,0.0,-0.09714956817764042,0.0,0.056682572
105,6105125073000,0.019161357167987777,0.1,0.14000000059604645,0.12000000029802323,-0.006215837992374679,0.03963580112616856,-0.07783275842666626,-0.06000000089406966,0.8489420857631613,-10.650245200562997,-1.6838277555032564,89.87700647957934,0.4646669866713047,-0.2366721155680666,0.0,-0.07066602665739063,0.0,0.051760769000000005
106,6105193085000,0.019161291129523434,0.1,0.14000000059604645,0.12000000029802323,0.03115873061165738,0.05330346307302984,-0.05903681367635727,-0.06000000089406966,-0.6402699184676939,-10.908851831344386,-1.65870100390772,89.80569258028896,0.4490850471126994,-0.2424189295854308,0.0,-0.10182990577460116,0.0,0.03584674
107,6105228820000,0.019161302849308667,0.1,0.14000000059604645,0.12000000029802323,-0.011369125269925342,0.07043594775027182,-0.05488186702132225,-0.06000000089406966,-1.5294882689854528,-10.065773655044499,-1.605564627053389,89.81631655759017,0.44809964603475616,-0.22368385900098886,0.0,-0.10380070793048768,0.0,0.052035709000000006
108,6105296066000,0.019161401305758656,0.1,0.14000000059604645,0.12000000029802323,0.00962388652361567,0.08550904421955051,-0.08319582045078278,-0.06000000089406966,-1.0317476841843483,-8.771764904922165,-1.361665547644265,89.99807943536855,0.4662097660844996,-0.19492810899827034,0.0,-0.0675804678310008,0.0,0.054952732000000004
109,6105330094000,0.019161401261054017,0.1,0.14000000059604645,0.12000000029802323,0.052747880860392324,0.09542725329021,-0.05380408093333244,-0.06000000089406966,-0.5701635905105716,-9.285700467992356,-1.4632365568443078,89.99564035360171,0.44462326033542426,-0.20634889928871902,0.0,-0.11075347932915147,0.0,0.042854868000000004
110,6105399081000,0.019161315913282625,0.1,0.14000000059604645,0.12000000029802323,0.03622109428800281,0.10502039987320659,-0.046693723648786545,-0.06000000089406966,-1.6714528022653667,-6.673086126085984,-1.4022966679398863,89.82893493212197,0.44362291905112794,-0.14829080280191076,0.0,-0.11275416189774412,0.0,0.054093558
111,6105433106000,0.01916133031346945,0.1,0.14000000059604645,0.12000000029802323,0.006691894004209878,0.11677313884924025,-0.06831543147563934,-0.06000000089406966,-3.5933821051382275,-9.596402542597291,-1.3319295693150217,89.84402225197539,0.45879231098014056,-0.21325338983549535,0.0,-0.08241537803971888,0.0,0.051383285
112,6105470624000,0.019161394012706313,0.1,0.14000000059604645,0.12000000029802323,0.017967901227257888,0.12125790898094055,-0.08938263356685638,-0.06000000089406966,-4.342674853112016,-1.8064577689524064,-1.373940156362017,89.94997363362958,0.4690538305870746,-0.040143505976720145,0.0,-0.06189233882585077,0.0,0.057059777000000006
113,6105539034000,0.019161346419480505,0.1,0.14000000059604645,0.12000000029802323,0.027520089215638432,0.12125790898094055,-0.07442296296358109,-0.06000000089406966,-3.5779763443738997,-2.7474723191089745,-1.487885208826839,90.13715087311711,0.4563832374411829,-0.06105494042464388,0.0,-0.08723352511763416,0.0,0.037170336000000005
114,6105573019000,0.02874210207510008,0.1,0.14000000059604645,0.12000000029802323,0.0814906518776412,0.11882820111180806,-0.07009440660476685,-0.06000000089406966,-2.8486225835820562,-1.9103636437574891,-1.5735960747906033,89.98622216696242,0.45489992611066776,-0.042452525416833094,0.0,-0.09020014777866447,0.0,0.049292067
115,6105644104000,0.028742028940233352,0.1,0.14000000059604645,0.12000000029802323,0.07575882735274983,0.11391501659792287,-0.0401412695646286,-0.06000000089406966,-2.9059149535626907,1.1360401586460855,-1.5854270366390306,89.87001472668484,0.43773361699613583,0.0252453368588019,0.0,-0.12453276600772833,0.0,0.049654784
116,6105679168000,0.0287420493960866,0.1,0.14000000059604645,0.12000000029802323,0.06657836292338885,0.10688692590587011,-0.07078349590301514,-0.06000000089406966,-3.599741455518533,-1.5801547348074907,-1.673692644123449,89.88944051944668,0.4609274531949085,-0.03511454966238868,0.0,-0.07814509361018296,0.0,0.052025572000000006
117,6105750507000,0.038322802346950985,0.1,0.14000000059604645,0.12000000029802323,0.07792938397519726,0.10407537358836078,-0.07674869149923325,-0.06000000089406966,-3.6948474874321557,-1.0096463076490847,-1.5051708540155202,90.00700107907066,0.4620633260964763,-0.022436584614424104,0.0,-0.07587334780704735,0.0,0.053024073000000005
118,6105785144000,0.038322802300388426,0.1,0.14000000059604645,0.12000000029802323,0.10138992342940326,0.0990373358393726,-0.058761753141880035,-0.06000000089406966,-3.351425745136942,1.1279759133266156,-1.4957754790036604,90.0075493302662,0.44948289836801947,0.025066131407258125,0.0,-0.10103420326396106,0.0,0.049256861000000006
119,6105819130000,0.03832274674485093,0.1,0.14000000059604645,0.12000000029802323,0.10454388955176731,0.09251587988272361,-0.024757731705904007,-0.06000000089406966,-3.0073527540884055,-2.3559936851309744,-1.4356303206033387,89.90214813710294,0.4307407264842087,-0.05235541522513276,0.0,-0.13851854703158262,0.0,0.050943706000000005
120,6105890064000,0.04790343857254078,0.1,0.14000000059604645,0.12000000029802323,0.06884104155547016,0.09032354320918759,-0.08685535192489624,-0.06000000089406966,-3.7326305744975583,-0.3977187226167568,-1.4326500398251993,89.9078731208266,0.47434148552825317,-0.008838193835927929,0.0,-0.05131702894349366,0.0,0.046822395
121,6105925208000,0.04790346753660433,0.1,0.14000000059604645,0.12000000029802323,0.07374476847176151,0.08568334184424133,-0.09355590492486954,-0.06000000089406966,-3.693341523093538,1.2702512432692274,-1.4261857712497519,89.93278712293908,0.47169650327484236,0.028227805405982832,0.0,-0.05660699345031528,0.0,0.048618557
122,6105993095000,0.04790349499735665,0.1,0.14000000059604645,0.12000000029802323,0.08076698764916858,0.07814475750396503,-0.06557361781597137,-0.06000000089406966,-3.153182581543941,-2.6447926847818697,-1.7565226134529242,90.02745584043448,0.4521458164066707,-0.058773170772930435,0.0,-0.09570836718665865,0.0,0.07
123,6106031066000,0.05748417530496252,0.1,0.14000000059604645,0.12000000029802323,0.12450242523618955,0.07656954491061833,-0.05292223393917084,-0.06000000089406966,-2.9277107182280613,-0.7985767583864142,-1.768743049451506,89.94097106666149,0.4460217675864043,-0.01774615018636476,0.0,-0.10795646482719135,0.0,0.039688948
124,6106100058000,0.057484085747139264,0.1,0.14000000059604645,0.12000000029802323,0.0993900560468589,0.07131207119270438,-0.0262194462120533,-0.06000000089406966,-2.5343784230004256,1.5397023563288341,-1.7161525603224956,89.88289598402798,0.433128013257981,0.03421560791841854,0.0,-0.133743973484038,0.0,0.055330501000000004
125,6106134159000,0.06706489319449357,0.1,0.14000000059604645,0.12000000029802323,0.08304342928395515,0.06415240035130668,-0.05455521121621132,-0.06000000089406966,-2.5236766785054043,2.9889183269239066,-1.7397733830805906,90.03203409052261,0.4547790597769172,0.0664204072649757,0.0,-0.09044188044616563,0.0,0.049530704
126,6106171115000,0.0670648317860186,0.1,0.14000000059604645,0.12000000029802323,0.09663085958281262,0.05781166827883737,-0.07436206191778183,-0.06000000089406966,-2.480003249167889,4.276364308930621,-1.7382379746838441,90.08389300331157,0.46577447767951385,0.09503031797623601,0.0,-0.06845104464097229,0.0,0.035262911
127,6106240084000,0.07664530757779221,0.1,0.14000000059604645,0.12000000029802323,0.11091985378979798,0.04631738517549838,-0.03629407659173012,-0.06000000089406966,-2.4772415920536126,4.643277309527001,-1.8768790344849908,89.84031099084834,0.4380118231961375,0.10318394021171112,0.0,-0.12397635360772497,0.0,0.050012972
128,6106274076000,0.07664526575086325,0.1,0.14000000059604645,0.12000000029802323,0.09826976588842828,0.03512956265549838,-0.053435325622558594,-0.06000000089406966,-2.495324594994047,3.770754765143744,-1.6355171413170708,89.82946096844236,0.4515461365486283,0.08379455033652765,0.0,-0.09690772690274341,0.0,0.07
129,6106344108000,0.08622629020596294,0.1,0.14000000059604645,0.12000000029802323,0.0746277032501003,0.02943478157549838,-0.05482962355017662,-0.06000000089406966,-1.935995044493082,5.945674982213289,-1.5485637478328933,90.02646617968513,0.4517525340627514,0.13212611071585087,0.0,-0.0964949318744972,0.0,0.03
130,6106379152000,0.0862262865374817,0.1,0.14000000059604645,0.12000000029802323,0.07617094068891359,0.02243554822356548,-0.06928868591785431,-0.06000000089406966,-1.7038204224590152,2.7873720282951093,-1.586619298596117,89.96869838018357,0.45979029510869185,0.06194160062878021,0.0,-0.0804194097826163,0.0,0.050088386000000006
131,6106449007000,0.09580689496018596,0.1,0.14000000059604645,0.12000000029802323,0.07825071581748445,0.012994513679041206,-0.02641894668340683,-0.06000000089406966,-0.3807171268567473,5.589498469951416,-1.7651080375825376,89.91475623241791,0.4312670278254919,0.12421107711003147,0.0,-0.13746594434901616,0.0,0.049808605000000006
132,6106482048000,0.09580697175737785,0.1,0.14000000059604645,0.12000000029802323,0.06109588258360859,0.00628954236393324,-0.05324914678931236,-0.06000000089406966,-0.45570506585023807,-0.3381511783644918,-1.884025904931131,89.95523818545446,0.45258085306948664,-0.007514470630322041,0.0,-0.09483829386102671,0.0,0.049594572
133,6106551200000,0.09580620626986905,0.1,0.14000000059604645,0.12000000029802323,0.07683637887384312,0.006290690595196435,-0.03512909263372421,-0.06000000089406966,-0.3455994960278866,0.06311027367326491,-1.906719094261249,89.76662856643917,0.4399451853717976,0.0014024505260725535,0.0,-0.12010962925640478,0.0,0.07
134,6106586016000,0.10538681751447236,0.1,0.14000000059604645,0.12000000029802323,0.041706044198083596,0.005390690595196436,-0.020983735099434853,-0.06000000089406966,-0.15565694386108755,0.8458438405456536,-1.8144014020078922,89.76518181586454,0.4312669351188052,0.018796529789903413,0.0,-0.1374661297623896,0.0,0.03
135,6106620107000,0.10538768373789031,0.1,0.14000000059604645,0.12000000029802323,0.03955213873901945,0.0014431348417221065,-0.0861935168504715,-0.06000000089406966,0.34268169688673,2.7243676035453155,-1.6764400233152383,89.9657345375257,0.47416162089956,0.06054150230100701,0.0,-0.051676758200880024,0.0,0.049595323000000004
136,6106690123000,0.10538720196317389,0.1,0.14000000059604645,0.12000000029802323,0.04889979555124066,-0.0060406219495293175,-0.02305418998003006,-0.06000000089406966,0.6193121855465915,3.762361692277535,-1.7439238910071215,89.82339727295685,0.4281676832349914,0.08360803760616745,0.0,-0.14366463353001724,0.0,0.055426341000000004
137,6106724082000,0.1053869639111852,0.1,0.14999999105930328,0.12000000029802323,0.02048298783187523,-0.008080445866777787,-0.0562305673956871,-0.08999997228384017,0.3125608598968777,0.13695306295620874,-1.777254121757973,89.78547937590301,0.4429948643260484,0.003043401399026861,0.0,-0.1140102713479032,0.0,0.044141408
138,6106793060000,0.11496840329804067,0.1,0.14000000059604645,0.12000000029802323,0.027465745161455023,-0.011116398012053412,-0.07929342240095139,-0.06000000089406966,0.19353747646650304,1.4607064956377795,-2.0467634215087838,90.02180603807969,0.4642245954702846,0.032460144347506215,0.0,-0.07155080905943079,0.0,0.055099475
139,6106829079000,0.11496839306328521,0.1,0.14000000059604645,0.12000000029802323,0.02855382149868175,-0.015573472254137539,-0.04059723764657974,-0.06000000089406966,0.8739425366841861,2.584203022273463,-1.921438245316645,89.96744252105006,0.43614415344598007,0.05742673382829918,0.0,-0.12771169310803987,0.0,0.044672574
140,6106898070000,0.11496814668738355,0.1,0.14000000059604645,0.12000000029802323,0.0030404910852565594,-0.02245222003107531,-0.11873703449964523,-0.06000000089406966,0.9497633786346809,1.1414243981915624,-1.70785058933762,89.87699584141416,0.4880382520667397,0.025364986626479163,0.0,-0.02392349586652065,0.0,0.049827975000000004
141,6106933034000,0.11496831453163311,0.1,0.14000000059604645,0.12000000029802323,0.028230623869979102,-0.02245222003107531,-0.10021299868822098,-0.06000000089406966,0.6518232998158587,0.3428115682059794,-1.7422118840537766,89.92553676419043,0.4677154937174678,0.0076180348490217644,0.0,-0.06456901256506442,0.0,0.054629303000000004
142,6106969593000,0.12454903271728249,0.1,0.14000000059604645,0.12000000029802323,-0.011512440367752657,-0.024786052072757313,-0.07472149282693863,-0.06000000089406966,0.44392390450672947,1.5548605885972402,-1.4577353429273086,89.9379465376466,0.4516377807069524,0.034552457524383115,0.0,-0.09672443858609525,0.0,0.048309751000000005
143,6107037066000,0.12454895531212334,0.1,0.14000000059604645,0.12000000029802323,-0.015219442836548035,-0.029306370465014494,-0.12688614428043365,-0.06000000089406966,1.068843590071137,4.695897086621086,-1.3573621544622987,89.91094355458652,0.4875806085723109,0.10435326859157969,0.0,-0.024838782855378216,0.0,0.047285844
144,6107073107000,0.12454892681784555,0.1,0.12999999523162842,0.12000000029802323,-0.030324941180268038,-0.03682339022676831,-0.1103506088256836,-0.029999984800815574,1.5362912476065067,0.778758308700996,-1.5230859699601242,90.09712429404819,0.4833396424372455,0.017305740193355467,0.0,-0.03332071512550905,0.0,0.063223449
145,6107143140000,0.12454884963550916,0.1,0.12999999523162842,0.12000000029802323,-0.018190500140214002,-0.03682339022676831,-0.048969388008117676,-0.029999984800815574,2.0053603518037457,-0.27179560439677947,-1.422922770639831,89.88380274612348,0.4452628749819731,-0.0060399023199284325,0.0,-0.10947425003605382,0.0,0.041369547
146,6107177085000,0.12454876372440789,0.1,0.12999999523162842,0.12000000029802323,-0.04761592866303802,-0.03682339022676831,-0.07726634293794632,-0.029999984800815574,1.9838991449120458,0.7307595393354154,-1.3811346381628677,89.86572187935752,0.4731726767291571,0.01623910087412034,0.0,-0.053654646541685835,0.0,0.055241919
147,6107246094000,0.12454901301238205,0.1,0.12999999523162842,0.12000000029802323,-0.032181993037306365,-0.03682339022676831,-0.07350518554449081,-0.029999984800815574,1.94902798671108,0.44789800528585355,-1.6179828056640975,90.06992408232685,0.47161840071684363,0.009953289006352301,0.0,-0.056763198566312734,0.0,0.056793387
148,6107281062000,0.12454910576025834,0.1,0.12999999523162842,0.12000000029802323,-0.016566216245515172,-0.03682339022676831,-0.027239540591835976,-0.029999984800815574,2.1012796386853525,0.512162304202028,-1.798735740125665,89.999590759782,0.4416094460595314,0.011381384537822845,0.0,-0.11678110788093721,0.0,0.033579578
149,6107350453000,0.12454903601738188,0.1,0.12999999523162842,0.12000000029802323,-0.07184108719495941,-0.03682339022676831,-0.06989642977714539,-0.029999984800815574,1.4231336509033345,1.759438308981276,-1.6600711393038279,89.93936447210409,0.47649031813917425,0.0390986290884728,0.0,-0.0470193637216515,0.0,0.050599768
150,6107384223000,0.1245491011238421,0.1,0.12999999523162842,0.12000000029802323,-0.07396098187188699,-0.03682339022676831,-0.06783277541399002,-0.029999984800815574,1.3327207013452838,0.789054469688501,-1.5583546928846284,90.01563893878412,0.47302422375641406,0.017534543770855577,0.0,-0.05395155248717187,0.0,0.048980416000000006
151,6107419090000,0.12454900909699175,0.1,0.12999999523162842,0.12000000029802323,-0.058885305037098476,-0.03682339022676831,-0.06940436363220215,-0.029999984800815574,1.4171296776054905,0.4824037853750836,-1.4887768847568368,90.07138471368988,0.47381779739053365,0.010720084119446303,0.0,-0.05236440521893271,0.0,0.050742190000000006
152,6107488393000,0.11496836591298266,0.1,0.12999999523162842,0.12000000029802323,-0.03926203121076153,-0.03435739778203071,-0.014175564050674438,-0.029999984800815574,2.02454719281706,-0.6443448292545186,-1.6147013375278525,89.94890706245425,0.4401059875664098,-0.014318773983433748,0.0,-0.11978802486718043,0.0,0.04965876
153,6107522104000,0.11496838717551064,0.1,0.12999999523162842,0.12000000029802323,-0.04809353364804971,-0.02783047290378958,-0.029471710324287415,-0.029999984800815574,1.9080058096294858,-2.139174482559712,-1.6491091289837283,89.96263386137247,0.45740095075126036,-0.047537210723549155,0.0,-0.08519809849747928,0.0,0.059689393
154,6107590013000,0.11496835686703384,0.1,0.14000000059604645,0.12000000029802323,-0.06598120313429012,-0.02505671712479625,-0.021709023043513298,-0.06000000089406966,1.2945737575036567,-1.8593544951232943,-1.95985676010279,89.94407966269655,0.44218174948703615,-0.04131898878051765,0.0,-0.11563650102592771,0.0,0.039994197
155,6107624019000,0.11496839082830736,0.1,0.14000000059604645,0.12000000029802323,-0.06820630090044066,-0.022452586242461027,-0.007381980773061514,-0.06000000089406966,1.2943205152180943,-0.20939142643511163,-1.9285639470391573,89.96553807182768,0.4344287587307001,-0.004653142809669148,0.0,-0.13114248253859984,0.0,0.050680204000000006
156,6107693118000,0.1053877008447293,0.1,0.14000000059604645,0.12000000029802323,-0.06180260123073467,-0.019947458515796025,0.0034141603391617537,-0.06000000089406966,1.9188403403105598,-0.4084119167150078,-1.7119194666778192,89.98958978874619,0.4296651890879982,-0.009075820371444618,0.0,-0.14066962182400355,0.0,0.050051251000000005
157,6107730154000,0.10538767390254838,0.1,0.14000000059604645,0.12000000029802323,-0.04610254107370421,-0.015014655331733018,-0.03159055486321449,-0.06000000089406966,1.661152292951151,-2.1153649697795895,-1.7780530880808612,89.9577287340479,0.45270380978417785,-0.04700811043954643,0.0,-0.09459238043164431,0.0,0.049533647
158,6107798084000,0.10538741470222661,0.1,0.14999999105930328,0.12000000029802323,-0.04884323376279945,-0.008081122053339905,0.03906404972076416,-0.08999997228384017,0.4025859242860519,-0.41503455245244814,-1.6330579561599297,89.86607857977185,0.39380424744587905,-0.009222990054498847,0.0,-0.2123915051082419,0.0,0.050481832000000004
159,6107833069000,0.10538744808866098,0.1,0.14999999105930328,0.12000000029802323,-0.08584800267076731,-0.008081122053339905,0.024527359753847122,-0.08999997228384017,-0.2912862070401705,-0.02825706321367567,-1.5485797994824153,89.87408342764452,0.40920326455274203,-0.0006279347380816815,0.0,-0.18159347089451594,0.0,0.056126854000000004
160,6107903078000,0.10538769119716317,0.1,0.14999999105930328,0.12000000029802323,-0.07131037496080078,-0.008081122053339905,0.006092647090554237,-0.08999997228384017,0.5331973481196167,0.7961275280023015,-1.74372405006577,90.0266347913855,0.4201837315877593,0.017691722844495588,0.0,-0.15963253682448142,0.0,0.043790341
161,6107939052000,0.09580683102402464,0.1,0.14999999105930328,0.12000000029802323,-0.047796316857745984,-0.0031811220533399043,-0.0033599892631173134,-0.08999997228384017,1.125504619093476,-2.9155300802908792,-2.069470515450107,90.10792599194828,0.42043691915040765,-0.06478955733979731,0.0,-0.1591261616991847,0.0,0.07
162,6107973119000,0.09580699675851381,0.1,0.1599999964237213,0.12000000029802323,-0.030036413207800365,0.0030310872220936334,-0.02198563516139984,-0.11999998837709426,1.2063217594391913,-3.2967413210055274,-2.0183685217541356,89.98296172505415,0.4172549959445318,-0.07326091824456728,0.0,-0.1654900081109364,0.0,0.051239256000000004
163,6108043030000,0.09580661579218176,0.1,0.14999999105930328,0.12000000029802323,-0.024378543265336932,0.006290076311727365,-0.08422411978244781,-0.08999997228384017,0.12111728223935836,0.49622451104993026,-2.0176365664721603,89.83752606395917,0.45771517608869744,0.011027211356665116,0.0,-0.08456964782260512,0.0,0.07
164,6108149901000,0.09580697701899352,0.1,0.14999999105930328,0.12000000029802323,-0.04258197581717199,0.006290076311727365,-0.07896359264850616,-0.08999997228384017,0.2776733519298036,-1.1060558089865902,-1.6066191172329054,90.04053447596338,0.44606198170265177,-0.024579017977479783,0.0,-0.10787603659469647,0.0,0.046137827000000006
165,6108184119000,0.08622625672352163,0.1,0.14999999105930328,0.12000000029802323,-0.012782540490800461,0.01001966347228708,-0.062131475657224655,-0.08999997228384017,0.30652451033429706,-3.0854873196145522,-1.640392903583969,89.94299171193204,0.43308127118164497,-0.06856638488032338,0.0,-0.13383745763671007,0.0,0.061070346000000005
166,6108219037000,0.08622622542003483,0.1,0.14999999105930328,0.12000000029802323,-0.03240745217611263,0.014051745677312634,-0.07066982239484787,-0.08999997228384017,0.2879292313281452,-3.0317098795740387,-1.5632446448424206,89.92494324023829,0.4393632798489077,-0.06737133065720086,0.0,-0.12127344030218457,0.0,0.039923886000000006
167,6108290116000,0.08622628235375177,0.1,0.14999999105930328,0.12000000029802323,-0.014880872492965914,0.02066057646937236,-0.03508278355002403,-0.08999997228384017,0.20271011811470216,-0.5974972270214678,-1.7577925246517914,89.9639672756393,0.4164822431475332,-0.013277716156032618,0.0,-0.16703551370493364,0.0,0.051407769000000006
168,6108324098000,0.08622624826816314,0.1,0.14999999105930328,0.12000000029802323,-0.015574105402382086,0.02066057646937236,-0.02364669181406498,-0.08999997228384017,0.2750761996687751,-0.33527686739456225,-1.5872147340467058,89.93759992320943,0.4132886785074935,-0.007450597053212494,0.0,-0.17342264298501298,0.0,0.047582138
169,6108394138000,0.08622624603713182,0.1,0.14999999105930328,0.12000000029802323,-0.003416801076635803,0.02066057646937236,-0.0601205974817276,-0.08999997228384017,-0.22951930215052,-0.5486108751234912,-1.6842891348232574,89.93625324166462,0.43800434271890376,-0.012191352780522026,0.0,-0.12399131456219248,0.0,0.051817292
170,6108429364000,0.08622628641595487,0.1,0.14999999105930328,0.12000000029802323,-0.017046181472331706,0.02066057646937236,-0.031599365174770355,-0.08999997228384017,-0.3779339249506796,-1.289066011064259,-1.3924857493371345,89.96855091514169,0.41607447447558327,-0.028645911356983536,0.0,-0.16785105104883347,0.0,0.048817422000000006
171,6108498039000,0.0862262277249219,0.1,0.14999999105930328,0.12000000029802323,-0.0175350973566185,0.02066057646937236,-0.10438007861375809,-0.08999997228384017,-0.5602553595346602,0.6599014984299881,-1.4179895796938125,90.07387837224583,0.4624412851306915,0.014664477742888624,0.0,-0.07511742973861701,0.0,0.049600280000000004
172,6108533045000,0.0766456040176049,0.1,0.14999999105930328,0.12000000029802323,-0.010598133161688172,0.023662209151089325,-0.08527973294258118,-0.08999997228384017,-0.8660938693548874,-3.369495722738167,-1.4052461996422114,90.01034156858026,0.4410727905941223,-0.07487768272751483,0.0,-0.1178544188117554,0.0,0.054787158
173,6108569163000,0.08622629939631878,0.1,0.14999999105930328,0.12000000029802323,0.01817235298010834,0.02360140923217734,-0.07143837958574295,-0.08999997228384017,-0.6648949776506842,-0.35005787800184457,-1.3374311692947132,89.99918239231319,0.43174972138539996,-0.007779063955596546,0.0,-0.13650055722920007,0.0,0.055875294000000006
174,6108637034000,0.07664552945606407,0.1,0.14999999105930328,0.12000000029802323,-0.017432742636690864,0.027212386794328844,-0.08188654482364655,-0.08999997228384017,-0.4218509436088015,-2.677280619301678,-1.644806496848576,90.08058558660771,0.4392056263414914,-0.05949512487337062,0.0,-0.12158874731701719,0.0,0.060637941
175,6108671025000,0.07664559447762982,0.1,0.14000000059604645,0.12000000029802323,0.026070164072895988,0.03064525460889522,-0.06100986897945404,-0.06000000089406966,-0.4768536144782393,-4.295850890578486,-1.7042175193531637,89.96959998328154,0.4355291439369573,-0.09546335312396637,0.0,-0.1289417121260854,0.0,0.035947336
176,6108739040000,0.07664559036671408,0.1,0.14999999105930328,0.12000000029802323,0.0012093039257784057,0.032909945182383896,-0.027393603697419167,-0.08999997228384017,-0.8661059551825729,-1.1344932397217038,-1.717681881688182,89.96427451705135,0.4066171870330413,-0.02521096088270453,0.0,-0.18676562593391743,0.0,0.043845314
177,6108773124000,0.07664556101227242,0.1,0.14999999105930328,0.12000000029802323,-0.014614573324131562,0.03503165848159138,-0.07164297252893448,-0.08999997228384017,-1.399121355108899,-0.8089338475001769,-1.661458610132823,90.06157003682065,0.439232254657996,-0.017976307722226154,0.0,-0.12153549068400804,0.0,0.052569975000000005
178,6108844210000,0.0766456046214536,0.1,0.14999999105930328,0.12000000029802323,0.03813960158740472,0.03503165848159138,-0.043511077761650085,-0.08999997228384017,-0.7975429242658095,-1.0536864260782375,-1.4264396464725755,89.99256890474963,0.41795287739874903,-0.023415253912849723,0.0,-0.16409424520250193,0.0,0.052197129
179,6108879169000,0.07664560525432441,0.1,0.14999999105930328,0.12000000029802323,0.011507728332091438,0.03503165848159138,-0.04360925033688545,-0.08999997228384017,-0.9828105683812438,-0.5986880949628469,-1.2793834663915533,90.00100410296909,0.41984138378463787,-0.013304179888063265,0.0,-0.16031723243072427,0.0,0.049870955
180,6108914109000,0.07664557341493089,0.1,0.14000000059604645,0.12000000029802323,0.03412493581667318,0.03503165848159138,-0.09101033955812454,-0.06000000089406966,-1.7192434848273077,-0.5721850476466078,-1.4057749953299525,89.94776559336164,0.46029128483442605,-0.012715223281035729,0.0,-0.0794174303311479,0.0,0.048274580000000004
181,6108984111000,0.07664557556039334,0.1,0.14000000059604645,0.12000000029802323,0.02496383528422035,0.03503165848159138,-0.051457084715366364,-0.06000000089406966,-2.1265428435539464,-1.970075586631542,-1.409097568209636,89.94955548893529,0.43078830953741437,-0.04377945748070093,0.0,-0.13842338092517126,0.0,0.07
182,6109052112000,0.07664541615348132,0.1,0.14000000059604645,0.12000000029802323,0.012196046230916791,0.03503165848159138,-0.07305023074150085,-0.06000000089406966,-1.6059732415582142,-0.34219372631124534,-1.5599446405019168,90.12727829180024,0.4475418863548012,-0.007604305029138786,0.0,-0.10491622729039762,0.0,0.03
183,6109086094000,0.0766455038172257,0.1,0.14000000059604645,0.12000000029802323,0.032262108491300956,0.03503165848159138,-0.08557574450969696,-0.06000000089406966,-1.5963336565917365,-1.188070334974645,-1.523578046854913,90.09322183616487,0.452390220994638,-0.026401562999436558,0.0,-0.09521955801072401,0.0,0.052460208
184,6109120047000,0.07664554790204073,0.1,0.14000000059604645,0.12000000029802323,0.06054584682763737,0.03503165848159138,-0.021493542939424515,-0.06000000089406966,-1.3907443288459498,-0.8204117484892418,-1.5664481202399494,89.9299006575366,0.4101899217764437,-0.018231372188649817,0.0,-0.1796201564471126,0.0,0.046816045
185,6109189621000,0.07664560133516134,0.1,0.14000000059604645,0.12000000029802323,0.025105400087612292,0.03503165848159138,-0.09442929923534393,-0.06000000089406966,-1.9093300454143085,-0.09171270250060776,-1.7493160880214453,90.01835024285727,0.46212723334345884,-0.0020380600555690615,0.0,-0.07574553331308231,0.0,0.056258779
186,6109223054000,0.07664559262687687,0.1,0.14000000059604645,0.12000000029802323,0.033870933834342885,0.03503165848159138,-0.08634413033723831,-0.06000000089406966,-1.7898506197941255,-0.5574332015640358,-1.8118991226088543,90.032904409252,0.45086728169711054,-0.012387404479200795,0.0,-0.09826543660577891,0.0,0.048495464
187,6109292033000,0.07664550115714942,0.1,0.14000000059604645,0.12000000029802323,0.028759525364036045,0.03503165848159138,-0.06206765025854111,-0.06000000089406966,-1.3030422396056143,-0.8936531099290692,-1.3852685773392195,89.90556389364349,0.4356106376743837,-0.01985895799842376,0.0,-0.12877872465123263,0.0,0.062356563000000004
188,6109326176000,0.07664558540499337,0.1,0.14000000059604645,0.12000000029802323,0.024850357970150803,0.03503165848159138,-0.09591730684041977,-0.06000000089406966,-1.3308921911543368,-0.3616717368212388,-1.344379897877792,89.95875268640151,0.46050532971956765,-0.00803714970713864,0.0,-0.07898934056086471,0.0,0.033044505
189,6109396147000,0.07664559753583126,0.1,0.14000000059604645,0.12000000029802323,0.029002599595543258,0.03503165848159138,-0.03692970797419548,-0.06000000089406966,-1.4801063211739802,-2.5065472751941265,-1.4646339215244075,89.97426695745581,0.42131858658448906,-0.05570105055986948,0.0,-0.15736282683102187,0.0,0.062311829000000006
190,6109430103000,0.07664546297702723,0.1,0.14000000059604645,0.12000000029802323,0.04223245831939426,0.03503165848159138,-0.07206039875745773,-0.06000000089406966,-1.2036587740964517,-0.33609583847148233,-1.409681040842127,89.88959726452448,0.4491131698959066,-0.007468796410477385,0.0,-0.10177366020818679,0.0,0.038154759
191,6109499092000,0.07664558276087059,0.1,0.14000000059604645,0.12000000029802323,-0.0043636944123789,0.03503165848159138,-0.058815427124500275,-0.06000000089406966,-1.1385003422637223,-0.649746002389085,-1.696471691172708,90.04390719345793,0.4378306144132864,-0.014438800053090776,0.0,-0.12433877117342718,0.0,0.053744187000000006
192,6109534097000,0.07664556662402461,0.1,0.12999999523162842,0.12000000029802323,0.018663068410949075,0.03503165848159138,-0.06803138554096222,-0.029999984800815574,-1.1565138089484435,-2.0431113863963306,-1.6781960641325049,90.0575339522495,0.455136956369175,-0.04540247525325179,0.0,-0.08972608726164999,0.0,0.045496847
193,6109570543000,0.07664539723441649,0.1,0.12999999523162842,0.12000000029802323,0.02945424495589144,0.03503165848159138,-0.05629672855138779,-0.029999984800815574,-0.5709457958302373,-0.2123557802557796,-1.6353072295918087,89.86650689485823,0.44742694267636124,-0.0047190173390173245,0.0,-0.10514611464727752,0.0,0.050243993
194,6109639117000,0.07664557643334771,0.1,0.12999999523162842,0.12000000029802323,-0.015159758394420943,0.03503165848159138,-0.08467726409435272,-0.029999984800815574,-0.10879787977693622,-0.9541235284471139,-1.7241198899450905,90.0496977836948,0.4664828014222411,-0.021202745076602532,0.0,-0.06703439715551784,0.0,0.050929974
195,6109674197000,0.07664556010116363,0.1,0.12999999523162842,0.12000000029802323,0.012851491933797218,0.03503165848159138,-0.06692057102918625,-0.029999984800815574,-0.11715483576090031,-1.8884704393064968,-1.6042111967835633,90.06220061746897,0.452885281470656,-0.0419660097623666,0.0,-0.09422943705868803,0.0,0.050247854
196,6109746090000,0.07664556546814537,0.1,0.12999999523162842,0.12000000029802323,-0.012067356322726756,0.03503165848159138,-0.1102110743522644,-0.029999984800815574,-0.71000338810853,0.021466649234345943,-1.324848863067913,89.94161189711002,0.4805310919142004,0.0004770366496521321,0.0,-0.03893781617159919,0.0,0.058714565
197,6109781140000,0.07664557613086334,0.1,0.12999999523162842,0.12000000029802323,-0.02046832265335096,0.03503165848159138,-0.11460107564926147,-0.029999984800815574,-1.0412676500912206,-0.07934324594679508,-1.2399887651428378,90.04995779330375,0.4795388663625283,-0.001763183243262113,0.0,-0.040922267274943414,0.0,0.039956635000000004
198,6109851023000,0.07664537124434423,0.1,0.12999999523162842,0.12000000029802323,0.0023250952627195333,0.03503165848159138,-0.03880365192890167,-0.029999984800815574,-0.5979018654590724,-2.1963674933378083,-1.1940858551482099,90.14158662283324,0.43396778798886115,-0.04880816651861796,0.0,-0.1320644240222777,0.0,0.06414739600000001
199,6109886140000,0.07664560414408406,0.1,0.12999999523162842,0.12000000029802323,0.014468791100995915,0.03503165848159138,-0.01664116233587265,-0.029999984800815574,-0.5523803142434255,-1.6230382275962554,-1.127959994409067,90.00980375380546,0.4286457700417786,-0.03606751616880567,0.0,-0.14270845991644276,0.0,0.046142285000000005
200,6109920099000,0.07664546312097577,0.1,0.12999999523162842,0.12000000029802323,-0.003228559560791482,0.03503165848159138,-0.04509933665394783,-0.029999984800815574,-0.6561087731398952,-0.6569754903715511,-1.1014408408500656,89.88965312383183,0.4526107266775672,-0.014599455341590024,0.0,-0.09477854664486562,0.0,0.059043767000000004
201,6109988741000,0.06706466591308763,0.1,0.12999999523162842,0.12000000029802323,-0.023425329816477783,0.03684389939599031,-0.035900212824344635,-0.029999984800815574,-1.273603990022602,-2.198867496124761,-1.4571653072938797,90.15256770996113,0.4457141937691925,-0.048863722136105806,0.0,-0.10857161246161495,0.0,0.042570423
202,6110023089000,0.06706480628550605,0.1,0.12999999523162842,0.12000000029802323,-0.02758075354789932,0.04001197576134086,-0.04270421341061592,-0.029999984800815574,-1.2733397177709163,-4.160002489850443,-1.6405713300202924,90.09764487442811,0.4510213116928163,-0.09244449977445429,0.0,-0.09795737661436743,0.0,0.038890669
203,6110091050000,0.06706490145669618,0.1,0.12999999523162842,0.12000000029802323,0.03068473938792436,0.04788858670009631,-0.06043434143066406,-0.029999984800815574,-0.45854245007918804,-4.965061839504133,-1.537681625670592,89.98525827720599,0.461029569555961,-0.1103347075445363,0.0,-0.07794086088807795,0.0,0.056919791000000004
204,6110125103000,0.07664559099466368,0.1,0.12999999523162842,0.12000000029802323,0.022103665718030626,0.051982879026352645,-0.06069790944457054,-0.029999984800815574,-0.2672352034909396,-3.1704471043091798,-1.4475060568024556,90.03496453539768,0.45910365381361934,-0.07045438009575955,0.0,-0.08179269237276132,0.0,0.042865076
205,6110195011000,0.06706490221120613,0.1,0.12999999523162842,0.12000000029802323,0.012198402861144642,0.05396088338774995,-0.06390564888715744,-0.029999984800815574,-1.2833871269154091,-2.8071849522381083,-1.4100127791917703,90.01197715872966,0.4603418667371068,-0.06238188782751352,0.0,-0.07931626652578638,0.0,0.065159426
206,6110229930000,0.06706488019169674,0.1,0.12999999523162842,0.12000000029802323,0.005675127626390046,0.05350207016989332,-0.03494270145893097,-0.029999984800815574,-1.9415542831390267,-2.3229877997598147,-1.27310413697675,89.95205055941913,0.44163128580436045,-0.05162195110577366,0.0,-0.1167374283912791,0.0,0.041430632
207,6110297154000,0.07664559768614548,0.1,0.12999999523162842,0.12000000029802323,0.01936849229322012,0.0511634130214748,-0.029332786798477173,-0.029999984800815574,-1.9004946242952308,0.5297276985166619,-1.245002555847234,90.02548162609635,0.44238430860512434,0.011771726633703598,0.0,-0.11523138278975131,0.0,0.043138504
208,6110331265000,0.07664559954696636,0.1,0.12999999523162842,0.12000000029802323,0.002652823736667517,0.04298062756636528,-0.018804050981998444,-0.029999984800815574,-1.214829466082659,2.643589159209484,-1.3960685462322204,90.0221339490765,0.4394437811660655,0.05874642576021075,0.0,-0.12111243766786906,0.0,0.067326356
209,6110399061000,0.07664557703481381,0.1,0.12999999523162842,0.12000000029802323,0.014646298787978095,0.03788999861423607,-0.055755238980054855,-0.029999984800815574,-1.3430570165527358,2.467276580186567,-1.7260153040775779,90.04917669096126,0.4659149299095071,0.054828368448590376,0.0,-0.06817014018098577,0.0,0.032951135
210,6110434182000,0.07664559635506993,0.1,0.12999999523162842,0.12000000029802323,0.035408564009900084,0.035031605467395116,-0.036399807780981064,-0.029999984800815574,-2.042295303066373,-1.3529030475724895,-1.6062602718098038,89.9723714674429,0.4486372974731037,-0.030064512168277543,0.0,-0.10272540505379257,0.0,0.050252634000000004
211,6110471041000,0.07664540235374402,0.1,0.12999999523162842,0.12000000029802323,0.024537715079226564,0.035031605467395116,-0.04191019758582115,-0.029999984800815574,-2.5439972470718617,-0.3652365932239087,-1.5110615888325838,89.86815965297757,0.4527188302098982,-0.008116368738309083,0.0,-0.09456233958020355,0.0,0.050064349
212,6110539013000,0.07664554445524721,0.1,0.12999999523162842,0.12000000029802323,0.007934037890887235,0.035031605467395116,-0.05364416912198067,-0.029999984800815574,-2.3192777803769173,-0.9952464512847674,-1.3535850971804602,90.07217462832331,0.45946252152318134,-0.022116587806328164,0.0,-0.08107495695363731,0.0,0.0518056
213,6110574189000,0.07664515702672979,0.1,0.12999999523162842,0.12000000029802323,0.029128734228200958,0.035031605467395116,-0.06723053753376007,-0.029999984800815574,-1.4482781796540132,-0.04718221515335338,-1.4964359659483417,90.19595177852639,0.4663123464286006,-0.0010484936700745195,0.0,-0.06737530714279882,0.0,0.048592089000000005
214,6110646070000,0.076645587385946,0.1,0.12999999523162842,0.12000000029802323,0.05896255411294722,0.035031605467395116,-0.02608332969248295,-0.029999984800815574,-1.6988555101488316,-2.2693470873872195,-1.7836009666312882,89.96086371780896,0.43968978669029446,-0.050429935275271544,0.0,-0.12062042661941108,0.0,0.058145013
215,6110681105000,0.07664543534582258,0.1,0.12999999523162842,0.12000000029802323,0.048423898588410064,0.035031605467395116,0.01243668980896473,-0.029999984800815574,-2.4721170034496227,-2.3646737194773144,-1.775619920212509,89.87935295806048,0.421315448542354,-0.052548304877273654,0.0,-0.15736910291529205,0.0,0.055355984000000004
216,6110751150000,0.0766455974671034,0.1,0.12999999523162842,0.12000000029802323,0.025519878185896613,0.035031605467395116,0.0071274288929998875,-0.029999984800815574,-2.8976224668111894,-0.6503132686499076,-1.798582485512854,90.02584718250813,0.4304026742835054,-0.014451405969997945,0.0,-0.13919465143298915,0.0,0.035710782
217,6110785121000,0.07664558422706665,0.1,0.14000000059604645,0.12000000029802323,0.028728250857984132,0.035031605467395116,0.009447045624256134,-0.06000000089406966,-2.6217041542819053,-0.9678842950700363,-1.7752855756041985,90.04245284914427,0.4196812799121793,-0.02150853989044525,0.0,-0.1606374401756414,0.0,0.049742632
218,6110853026000,0.0766455601627034,0.1,0.14000000059604645,0.12000000029802323,0.07295578832812984,0.035031605467395116,-0.04851050674915314,-0.06000000089406966,-2.7393146243249173,-1.0505684335166137,-1.8526655990119814,90.06215822709615,0.45267788823704985,-0.02334596518925808,0.0,-0.0946442235259003,0.0,0.06840515500000001
219,6110889912000,0.07664539115170196,0.1,0.14000000059604645,0.12000000029802323,0.05748494847094467,0.035031605467395116,0.007716902997344732,-0.06000000089406966,-3.2361391976118243,-2.4178398337912634,-1.8636674691505617,89.8645693282855,0.4091490276071449,-0.053729774084250295,0.0,-0.18170194478571022,0.0,0.03195431
220,6110923123000,0.08622613624332587,0.1,0.14000000059604645,0.12000000029802323,0.05066608259306455,0.03256316105842775,-0.0052306391298770905,-0.06000000089406966,-3.3842707063958537,-0.6577599454334678,-1.7377149664317253,89.88853794864112,0.42333462674826516,-0.014616887676299286,0.0,-0.15333074650346967,0.0,0.049683442
221,6110991071000,0.08622589369908176,0.1,0.14000000059604645,0.12000000029802323,0.04841861971320739,0.027645186544469253,-0.046746257692575455,-0.06000000089406966,-1.8886518447973337,2.3586529089268793,-1.789015195091358,90.17576145963282,0.4488012010498841,0.052414509087263986,0.0,-0.10239759790023184,0.0,0.049556435
222,6111026122000,0.08622595634574491,0.1,0.14000000059604645,0.12000000029802323,0.05628290818075469,0.02066106548138264,-0.07958349585533142,-0.06000000089406966,-1.5709183229893033,-0.48727536535823096,-1.8789370225906294,90.16162276507198,0.4606360657669506,-0.010828341452405132,0.0,-0.0787278684660988,0.0,0.07
223,6111096106000,0.09580700094043333,0.1,0.14000000059604645,0.12000000029802323,0.048644515996471085,0.01976106548138264,-0.0378013551235199,-0.06000000089406966,-1.6116565313528917,0.0448487012475112,-1.9139540556847054,90.00192812334139,0.4276817205791522,0.0009966378055002488,0.0,-0.14463655884169557,0.0,0.03
224,6111130040000,0.09580686335512976,0.1,0.14000000059604645,0.12000000029802323,0.040865099833378944,0.015591204987845103,-0.08718959987163544,-0.06000000089406966,-2.0289670612759068,1.861685576231559,-1.9584150855186901,90.09712044985831,0.4626779817041441,0.04137079058292353,0.0,-0.07464403659171182,0.0,0.051293744
225,6111198096000,0.09580691851349403,0.1,0.14000000059604645,0.12000000029802323,0.04620449181458719,0.009272945109448972,0.003125827293843031,-0.06000000089406966,-0.7596984435683651,1.671210947889948,-1.9657087070079298,90.07518245326551,0.40236437258339286,0.037138021064221066,0.0,-0.19527125483321428,0.0,0.048630382
226,6111232085000,0.09580682856986432,0.1,0.14000000059604645,0.12000000029802323,0.03261342236853995,0.00628975714520353,-0.06476903706789017,-0.06000000089406966,-0.3567420285690669,-0.2375246793023891,-1.9390820290337953,90.10870235688898,0.4526808018317192,-0.0052783262067197575,0.0,-0.09463839633656157,0.0,0.07
227,6111301034000,0.09580694037180294,0.1,0.14000000059604645,0.12000000029802323,0.0435817386723655,0.00628975714520353,-0.018148327246308327,-0.06000000089406966,-0.549757137925548,-0.79012720803109,-1.9394254300464617,89.93554489649343,0.4172647146299283,-0.01755838240069089,0.0,-0.16547057074014337,0.0,0.03
228,6111336027000,0.09580697730701493,0.1,0.14000000059604645,0.12000000029802323,0.005676418886621198,0.00628975714520353,-0.04112933576107025,-0.06000000089406966,-0.9686948081112391,-0.456622389989921,-1.7694528390520543,90.040290268752,0.43743017543826535,-0.010147164221998245,0.0,-0.1251396491234693,0.0,0.052744518000000004
229,6111371031000,0.1053875597413485,0.1,0.14000000059604645,0.12000000029802323,0.01669307850142697,0.0018584985950489278,-0.10557625442743301,-0.06000000089406966,-1.1029270816211796,1.9148417439516978,-1.723859741612484,90.09433482924439,0.47334375501874776,0.04255203875448217,0.0,-0.05331248996250448,0.0,0.06656769900000001
230,6111441064000,0.10538768567010492,0.1,0.14000000059604645,0.12000000029802323,0.023698383107603253,-0.0012749786378280247,-0.035082828253507614,-0.06000000089406966,-0.33509284532243244,0.9559472958594908,-1.6657225878729893,90.03246144940016,0.41950794977645345,0.021243273241322018,0.0,-0.1609841004470931,0.0,0.031841352
231,6111476119000,0.10538762885410477,0.1,0.14000000059604645,0.12000000029802323,0.0061366848747341045,-0.008081443281157147,-0.11198008060455322,-0.06000000089406966,-0.4959335242583719,-0.15567630737161153,-1.722198627129549,90.06777433745933,0.4751934558742808,-0.003459473497146923,0.0,-0.0496130882514384,0.0,0.052570371000000005
232,6111544105000,0.10538759226247385,0.1,0.14000000059604645,0.12000000029802323,0.017647617484549544,-0.008081443281157147,-0.054466042667627335,-0.06000000089406966,-0.7616551401570734,-1.1646574510092325,-1.8552950443844052,89.91709640663223,0.43344798712997,-0.025881276689094054,0.0,-0.13310402574005997,0.0,0.051122577
233,6111578068000,0.10538768771662929,0.1,0.12999999523162842,0.12000000029802323,-0.005558181187548638,-0.008081443281157147,-0.08201921731233597,-0.029999984800815574,-0.9110368242138704,-0.010931295815320622,-1.654451700651038,89.96956567690765,0.46674098962978994,-0.0002429176847849027,0.0,-0.06651802074042013,0.0,0.052951442
234,6111646082000,0.10538741400042069,0.1,0.12999999523162842,0.12000000029802323,-0.006249217053079638,-0.008081443281157147,-0.12409871816635132,-0.029999984800815574,-0.7371285010805555,0.045135388684389884,-1.7021606013984971,90.13408455940375,0.4924110004487477,0.0010030086374308864,0.0,-0.015177999102504613,0.0,0.042628465000000004
235,6111681275000,0.10538747502326581,0.1,0.12999999523162842,0.12000000029802323,0.002613846903425683,-0.008081443281157147,-0.11400432139635086,-0.029999984800815574,-0.8528381513452375,-1.6904723633568415,-1.7558910213833683,90.11906706746825,0.4801698043009355,-0.037566052519040924,0.0,-0.03966039139812905,0.0,0.051267495
236,6111750389000,0.10538768747310763,0.1,0.11999999731779099,0.12000000029802323,0.01168764382813211,-0.008081443281157147,-0.08730078488588333,8.940696724635266e-09,-1.152316151963139,0.5068358483227428,-1.6148099403000855,89.96931744262885,0.4748185492725951,0.011263018851616506,0.0,-0.050362901454809816,0.0,0.049627217
237,6111785175000,0.1053877025838204,0.1,0.11999999731779099,0.12000000029802323,-0.0011409890240904378,-0.008081443281157147,-0.06480633467435837,8.940696724635266e-09,-1.3102863835308958,-0.5781111433424079,-1.54367876564398,90.00016673988888,0.4661157020912043,-0.012846914296497952,0.0,-0.06776859581759143,0.0,0.050882466
238,6111819079000,0.1053874926586446,0.1,0.11999999731779099,0.12000000029802323,-0.020547963756798515,-0.008081443281157147,-0.062442854046821594,8.940696724635266e-09,-1.4820482202618608,-0.08480343812464941,-1.673137849218333,90.11436034534431,0.4707909432828902,-0.0018845208472144314,0.0,-0.058418113434219654,0.0,0.055507918
239,6111889760000,0.10538765890969508,0.1,0.11999999731779099,0.12000000029802323,0.008095173249647605,-0.008081443281157147,-0.06329809129238129,8.940696724635266e-09,-0.789942267570801,0.2765251024287732,-1.7494088087955204,90.05216233253148,0.4750186810478369,0.00614500227619496,0.0,-0.0499626379043262,0.0,0.067841342
240,6111924209000,0.10538764277307443,0.1,0.11999999731779099,0.12000000029802323,0.010268737684879002,-0.008081443281157147,-0.05441800132393837,8.940696724635266e-09,-0.7150872738467678,-0.5850645607038801,-1.8708570514066194,90.0610427248951,0.4700394841788662,-0.013001434682308447,0.0,-0.059921031642267586,0.0,0.03
241,6111994124000,0.11496836130980492,0.1,0.11999999731779099,0.12000000029802323,0.00999607910527509,-0.012068504082810478,-0.01813609153032303,8.940696724635266e-09,-1.2200096538205998,0.31981135612602946,-2.0703611006217773,89.94639620868169,0.45231414329706454,0.007106919025022877,0.0,-0.09537171340587092,0.0,0.06314317700000001
242,6112028932000,0.11496828300691972,0.1,0.12999999523162842,0.12000000029802323,0.006905264774915726,-0.01649781417302145,-0.050027716904878616,-0.029999984800815574,-1.3839829846495657,2.76726487170647,-1.8693966729794536,89.91429651996854,0.4668853494564577,0.06149477492681044,0.0,-0.06622930108708458,0.0,0.042090310000000006
243,6112096048000,0.11496815769142994,0.1,0.12999999523162842,0.12000000029802323,-0.003386748921003952,-0.022452236537144905,-0.015175294131040573,-0.029999984800815574,-0.993157534320539,0.08157686451562624,-1.6820258314763799,90.1204226050046,0.442420514029801,0.0018128192114583608,0.0,-0.11515897194039804,0.0,0.043696656
244,6112130055000,0.11496838018871383,0.1,0.12999999523162842,0.12000000029802323,-0.009184255308468963,-0.022452236537144905,-0.017733106389641762,-0.029999984800815574,-0.9548014691153712,-0.0479857945992584,-1.604347294870599,90.0423701562077,0.44814493071563405,-0.001066350991094631,0.0,-0.1037101385687319,0.0,0.051408886
245,6112199060000,0.11496839171286584,0.1,0.12999999523162842,0.12000000029802323,-0.009209272079323564,-0.022452236537144905,-0.07051202654838562,-0.029999984800815574,-1.1039605868216391,0.6314413703948409,-1.5667442284003736,90.03372104906813,0.4803794642510668,0.014032030453218687,0.0,-0.039241071497866375,0.0,0.059771591000000006
246,6112234139000,0.11496764385745037,0.1,0.12999999523162842,0.12000000029802323,-0.017758806596088944,-0.022452236537144905,-0.06804292649030685,-0.029999984800815574,-1.071778734251984,0.49602423277607205,-1.7540368502693264,90.2093935605199,0.4735301645295451,0.011022760728357157,0.0,-0.05293967094090979,0.0,0.036272751
247,6112272151000,0.1149680612073791,0.1,0.12999999523162842,0.12000000029802323,-0.022818040669357012,-0.022452236537144905,-0.0691937729716301,-0.029999984800815574,-1.1968092317155703,-0.8433016323977517,-1.6692558505125692,90.14146242252637,0.472264967956408,-0.018740036275505592,0.0,-0.05547006408718402,0.0,0.049887982000000004
248,6112341041000,0.1149684069292149,0.1,0.12999999523162842,0.12000000029802323,0.010649429262481577,-0.022452236537144905,-0.03347538411617279,-0.029999984800815574,-0.6298050048583803,-0.6208894192969632,-1.6520629935931948,89.98362519308105,0.45148454764448215,-0.013797542651043626,0.0,-0.0970309047110357,0.0,0.07
249,6112375035000,0.11496814757394216,0.1,0.12999999523162842,0.12000000029802323,-0.0058737304218762785,-0.022452236537144905,-0.01040076557546854,-0.029999984800815574,-0.3802863182783635,-0.7888362372148382,-1.727166300043268,90.12279818169546,0.4388450024424332,-0.017529694160329738,0.0,-0.12230999511513363,0.0,0.03
250,6112410153000,0.11496840493530336,0.1,0.12999999523162842,0.12000000029802323,-0.014035003250778829,-0.022452236537144905,-0.010114429518580437,-0.029999984800815574,-0.20535459891760285,-0.20959662399765636,-1.7312707287845397,90.01954488539101,0.4449743990248074,-0.0046577027555034746,0.0,-0.1100512019503852,0.0,0.051667729
251,6112481152000,0.11496839229344923,0.1,0.12999999523162842,0.12000000029802323,-0.012036714117260672,-0.022452236537144905,-0.06416402012109756,-0.029999984800815574,-0.2737517038338402,1.0819632808093271,-1.7280207096088593,90.03322579132329,0.48118679619587273,0.02404362846242949,0.0,-0.03762640760825453,0.0,0.043391417
252,6112550265000,0.1149683827331401,0.1,0.12999999523162842,0.12000000029802323,-0.009744243140584113,-0.022452236537144905,-0.041616033762693405,-0.029999984800815574,-0.3329087703254277,-1.1583831068556287,-1.9038359964833673,90.04061924547196,0.46027846338125433,-0.025741846819013973,0.0,-0.07944307323749134,0.0,0.049433736000000006
253,6112584066000,0.11496841162169014,0.1,0.12999999523162842,0.12000000029802323,-0.010023233844893583,-0.022452236537144905,-0.039680466055870056,-0.029999984800815574,-0.26982719426326385,-0.9167512446872469,-1.8872642692544634,89.99960432329033,0.4596883283337166,-0.02037224988193882,0.0,-0.08062334333256682,0.0,0.051449012
254,6112619129000,0.1149684115989558,0.1,0.12999999523162842,0.12000000029802323,0.01322188671870964,-0.022452236537144905,-0.01969446800649166,-0.029999984800815574,0.09912616351912491,-0.08276112109899579,-1.7101047530746967,90.00120618078769,0.448038488693618,-0.0018391360244221287,0.0,-0.10392302261276398,0.0,0.049722524000000004
255,6112688662000,0.11496840553530815,0.1,0.12999999523162842,0.12000000029802323,-0.031151322476453427,-0.022452236537144905,-0.07076965272426605,-0.029999984800815574,-0.2893860263170073,0.15704095361594442,-2.0570826230075157,89.9813522792804,0.48238490585798266,0.0034897989692432092,0.0,-0.03523018828403468,0.0,0.049026626000000004
256,6112723042000,0.11496839900698301,0.1,0.12999999523162842,0.12000000029802323,-0.03200315992488884,-0.022452236537144905,-0.08023989200592041,-0.029999984800815574,-0.42203656004343587,-0.02791462556951642,-2.0550617731849523,90.02684319094291,0.48182715187009484,-0.0006203250126559204,0.0,-0.03634569625981032,0.0,0.061514101
257,6112792026000,0.11496837660500916,0.1,0.12999999523162842,0.12000000029802323,-0.01573151297880803,-0.022452236537144905,-0.02523670345544815,-0.029999984800815574,0.4643355412305178,-0.05740814451161047,-1.828221061687411,90.04472011021556,0.44377230044826127,-0.001275736544702455,0.0,-0.11245539910347746,0.0,0.038448404000000005
258,6112828581000,0.1149683580566708,0.1,0.12999999523162842,0.12000000029802323,-0.0282660839852913,-0.022452236537144905,-0.04889681190252304,-0.029999984800815574,1.3686703602772639,0.3393594159829912,-1.5131212788497121,90.05530955035177,0.4661663718628109,0.007541320355177582,0.0,-0.0676672562743782,0.0,0.07
259,6112897023000,0.11496812748183745,0.1,0.12999999523162842,0.12000000029802323,-0.027370261621308248,-0.022452236537144905,-0.06688827276229858,-0.029999984800815574,1.2292717753146076,-0.7862279460568559,-1.5607952926827333,90.1273845111046,0.47840197846779764,-0.017471732134596796,0.0,-0.04319604306440472,0.0,0.03
260,6112932083000,0.11496840828513713,0.1,0.12999999523162842,0.12000000029802323,-0.021379854017700324,-0.022452236537144905,-0.01746903918683529,-0.029999984800815574,0.5170499778102216,-0.8683400884173723,-1.4697025911187729,89.98619057087555,0.44474261764393036,-0.01929644640927494,0.0,-0.11051476471213928,0.0,0.047170099
261,6112969408000,0.12454901997051876,0.1,0.12999999523162842,0.12000000029802323,-0.04165020780115594,-0.02488212363553813,-0.04050557315349579,-0.029999984800815574,-0.08399229961294806,1.5514157103970059,-1.3482188199758507,89.93274987987284,0.46477353617656586,0.03447590467548902,0.0,-0.07045292764686828,0.0,0.049293885
262,6113038150000,0.12454852625959499,0.1,0.12999999523162842,0.12000000029802323,-0.05697146438907757,-0.03138270023186363,-0.034882236272096634,-0.029999984800815574,0.1801304701812899,3.733263494862247,-1.4186499638803691,90.17478157596241,0.4605464644662263,0.08296141099693882,0.0,-0.07890707106754735,0.0,0.0596623
263,6113072052000,0.12454872909076206,0.1,0.12999999523162842,0.12000000029802323,-0.04558070721837144,-0.03415913189688531,-0.06748443841934204,-0.029999984800815574,0.506511051328164,2.6910930380452096,-1.5237200646463775,90.14091249025762,0.48183824766045447,0.05980206751211577,0.0,-0.03632350467909107,0.0,0.040642237000000005
264,6113144149000,0.12454908608750644,0.1,0.12999999523162842,0.12000000029802323,-0.005287061837289997,-0.036823629131259646,-0.026495518162846565,-0.029999984800815574,0.829134538594658,-0.2511206567020617,-1.755168070679609,89.96779413622113,0.4533600496632552,-0.005580459037823593,0.0,-0.09327990067348957,0.0,0.07
265,6113179180000,0.12454910553880606,0.1,0.12999999523162842,0.12000000029802323,-0.02571442061318745,-0.036823629131259646,-0.010137936100363731,-0.029999984800815574,1.0183474197254407,0.7951558372364588,-1.756791387532953,89.99655887432172,0.4447184069892091,0.01767012971636575,0.0,-0.11056318602158177,0.0,0.03
266,6113214170000,0.11496834151883918,0.1,0.12999999523162842,0.12000000029802323,-0.05006788760209761,-0.03302714893959859,-0.045816678553819656,-0.029999984800815574,1.0184600035112708,-1.127501237790008,-1.8711658466833228,90.06327391670924,0.47047917362591984,-0.02505558306200018,0.0,-0.05904165274816031,0.0,0.061615584
267,6113284063000,0.11496819106945028,0.1,0.12999999523162842,0.12000000029802323,-0.03283246792553759,-0.028298769910143094,-0.05793807655572891,-0.029999984800815574,0.990487351784458,-3.6722241273158427,-1.9046836142573762,90.11222945902078,0.47547358984862353,-0.08160498060701872,0.0,-0.04905282030275293,0.0,0.044541389
268,6113320162000,0.11496837818628633,0.1,0.12999999523162842,0.12000000029802323,-0.017381967803344875,-0.022452567279429486,-0.014532292261719704,-0.029999984800815574,0.8875321647995869,0.14784024077583882,-1.8055899612629926,90.04369879539217,0.44563637583016763,0.003285338683907529,0.0,-0.10872724833966474,0.0,0.044587064
269,6113390111000,0.11496834687674848,0.1,0.12999999523162842,0.12000000029802323,-0.04986334905350769,-0.022452567279429486,-0.037735145539045334,-0.029999984800815574,0.37470598616220213,0.7829401307538889,-1.7059531259752418,90.06080796944642,0.465179683363927,0.017398669572308643,0.0,-0.06964063327214598,0.0,0.049889808
270,6113425212000,0.1149681560923994,0.1,0.12999999523162842,0.12000000029802323,-0.05573487585431437,-0.022452567279429486,-0.05002975091338158,-0.029999984800815574,0.09655777834299006,0.07812465534975549,-1.734440339269963,90.1208011641199,0.47142381303357556,0.0017361034522167887,0.0,-0.05715237393284889,0.0,0.053471460000000005
271,6113494111000,0.1053877013302338,0.1,0.12999999523162842,0.12000000029802323,-0.011577361801327379,-0.019414101968009308,-0.05014858394861221,-0.029999984800815574,-0.6308955891700476,-1.6374211143917479,-1.7739487436381283,89.9911611223714,0.4695573153029272,-0.03638713587537217,0.0,-0.06088536939414557,0.0,0.055122276000000005
272,6113528519000,0.10538769681470966,0.1,0.12999999523162842,0.12000000029802323,-0.021637835903527622,-0.015174062526300814,-0.001772992662154138,-0.029999984800815574,-0.6553229615976033,-3.7250124727668075,-1.7338976937507715,89.98104106674319,0.4385076024061024,-0.0827780549503735,0.0,-0.12298479518779515,0.0,0.043147106000000005
273,6113597134000,0.10538768254624942,0.1,0.12999999523162842,0.12000000029802323,-0.01313514792348912,-0.008144008649786844,-0.0515611469745636,-0.029999984800815574,-0.6495545230108609,-3.846475305178684,-1.456107625365366,90.03533214805239,0.47617416772952725,-0.08547722900397076,0.0,-0.04765166454094549,0.0,0.048046952000000004
274,6113632087000,0.10538755769377282,0.1,0.12999999523162842,0.12000000029802323,-0.010773209610626453,-0.008081336540659227,-0.04411465674638748,-0.029999984800815574,-0.6213113059744255,0.5637180505041992,-1.5070809318634628,90.0950085429373,0.4673712975445915,0.012527067788982205,0.0,-0.065257404910817,0.0,0.050821147000000004
275,6113701054000,0.10538752805142648,0.1,0.12999999523162842,0.12000000029802323,-0.02066371949291048,-0.008081336540659227,-0.05241597071290016,-0.029999984800815574,-0.9256517589340156,-0.6695155262129288,-1.7765715321262154,90.10427526437887,0.47198194203617494,-0.01487812280473175,0.0,-0.05603611592765012,0.0,0.051810085000000006
276,6113735031000,0.10538761270253066,0.1,0.12999999523162842,0.12000000029802323,0.013147973568939696,-0.008081336540659227,-0.046174097806215286,-0.029999984800815574,-0.8971307965927795,-0.4945738189867912,-1.9157417046190728,90.07483046061462,0.46706119471915947,-0.010990529310817582,0.0,-0.06587761056168107,0.0,0.048225995
277,6113769410000,0.10538770257279692,0.1,0.12999999523162842,0.12000000029802323,0.02806198657380754,-0.008081336540659227,0.00910328421741724,-0.029999984800815574,-0.8088723373382329,0.006169474956349469,-1.9097404875926074,89.99915468299956,0.43596317085233655,0.00013709944347443264,0.0,-0.1280736582953269,0.0,0.06645002500000001
278,6113838063000,0.10538770207253392,0.1,0.12999999523162842,0.12000000029802323,-0.011213577013983383,-0.008081336540659227,-0.016156423836946487,-0.029999984800815574,-0.5771892743940179,0.29100550727053304,-1.652216247594465,89.99435369590852,0.45822034397243233,0.00646678905045629,0.0,-0.08355931205513534,0.0,0.034096723
279,6113873144000,0.10538752609930935,0.1,0.14000000059604645,0.12000000029802323,-0.0004988941342080444,-0.008081336540659227,-0.0671110525727272,-0.06000000089406966,-0.0808137788180558,0.7109130940674121,-1.6484223631610744,90.10485679264492,0.47671628164124913,0.015798068757053602,0.0,-0.04656743671750174,0.0,0.050695268
280,6113910658000,0.10538730420166355,0.1,0.12999999523162842,0.12000000029802323,0.01741526802933242,-0.008081336540659227,-0.0575653538107872,-0.029999984800815574,0.34395927764632933,-0.3689832157028809,-1.7938350916451307,90.15754077623863,0.47369783465358967,-0.008199627015619576,0.0,-0.05260433069282067,0.0,0.064339063
281,6113944076000,0.10538765139858315,0.15000000000000002,0.12999999523162842,0.12000000029802323,0.028090984671640194,-0.0059859820705574635,-0.008739245124161243,-0.029999984800815574,0.42974620435292976,-2.3119072700426653,-1.8537014778955396,90.05646988882748,0.442284153970267,-0.05137571711205923,0.0,-0.11543169205946602,0.0,0.045775042
282,6114046155000,0.10538768949106396,0.15000000000000002,0.14000000059604645,0.12000000029802323,-0.01682556397480665,-0.002758507593937608,-0.07493910938501358,-0.06000000089406966,-0.48932356337239746,-1.217041901233169,-1.767634859827678,90.02856048722624,0.4803617663536816,-0.027045375582959313,0.0,-0.039276467292636785,0.0,0.038360443
283,6114080103000,0.10538727603700296,0.15000000000000002,0.14000000059604645,0.12000000029802323,-0.016076576825665993,0.004560854164216567,-0.06319469958543777,-0.06000000089406966,0.24073086145497413,-3.7326779531307093,-1.7363920745394983,90.16301455707509,0.4650387854624691,-0.0829483989584602,0.0,-0.06992242907506185,0.0,0.053268802000000004
284,6114149102000,0.10538761533650728,0.15000000000000002,0.14000000059604645,0.12000000029802323,-0.008343445716014293,0.013035607589312827,-0.029091063886880875,-0.06000000089406966,1.8447907342344112,-6.138730155862564,-1.5799992603865336,90.07372585757278,0.44248141224673443,-0.13641622568583475,0.0,-0.11503717550653114,0.0,0.046166207
285,6114183161000,0.10538759898750787,0.15000000000000002,0.14000000059604645,0.12000000029802323,-0.022696430307447803,0.030785542169312834,-0.054083917289972305,-0.06000000089406966,1.612602306542247,-8.648095064581959,-1.6087501326033418,90.08033703167722,0.4613514118862798,-0.19217989032404353,0.0,-0.07729717622744037,0.0,0.07
286,6114252054000,0.09580700081424115,0.15000000000000002,0.14000000059604645,0.12000000029802323,-0.024537715952814974,0.039292656989312835,-0.004055431112647057,-0.06000000089406966,0.16125198347402558,-9.799698095299876,-1.5720654498730025,89.99648353086349,0.42587233152669884,-0.2177710687844417,0.0,-0.1482553369466023,0.0,0.03
287,6114289114000,0.09580700098369298,0.15000000000000002,0.14000000059604645,0.12000000029802323,-0.044868766405782946,0.05570946505179277,-0.036653101444244385,-0.06000000089406966,-0.19435556585925098,-10.517445727986734,-1.4741332385423074,90.0008678099692,0.453973963735405,-0.23372101617748298,0.0,-0.09205207252919001,0.0,0.049316465000000004
288,6114324063000,0.09580698897954766,0.15000000000000002,0.14000000059604645,0.12000000029802323,-0.050970972432262056,0.07409912070983113,-0.02520354837179184,-0.06000000089406966,-0.10010860385067068,-9.315076745430975,-1.5965242580074064,90.02869480865151,0.4453627138816039,-0.20700170545402166,0.0,-0.10927457223679216,0.0,0.069935572
289,6114394191000,0.09580677198817354,0.15000000000000002,0.14000000059604645,0.12000000029802323,0.006610190909673377,0.08128984201773973,-0.03752630576491356,-0.06000000089406966,-0.03856988997660916,-2.578237242914162,-1.661538849896466,90.12527459482813,0.4539178019244683,-0.05729416095364804,0.0,-0.09216439615106342,0.0,0.034821405
290,6114429662000,0.08622620940894042,0.15000000000000002,0.14000000059604645,0.12000000029802323,-0.03253581643516591,0.08344141896312857,-0.07174135744571686,-0.06000000089406966,-0.4412384426146528,-2.559978275360899,-1.5282665266734201,90.08278083023565,0.4730833766421896,-0.05688840611913109,0.0,-0.05383324671562084,0.0,0.046385094
291,6114498137000,0.08622629712710474,0.15000000000000002,0.14000000059604645,0.12000000029802323,-0.022691561602783506,0.08743180676346649,0.0003974472638219595,-0.06000000089406966,-1.505356850073024,-6.2394168086069515,-1.475260069764444,90.01317024856971,0.42212300976070377,-0.13865370685793227,0.0,-0.15575398047859246,0.0,0.044099964000000005
292,6114533108000,0.0862260368103123,0.15000000000000002,0.14000000059604645,0.12000000029802323,-0.018343594725159684,0.09566094478453159,-0.039657462388277054,-0.06000000089406966,-1.7218716582932134,-2.2283234530302525,-1.3502857633030028,90.14140374628403,0.45426510935437187,-0.049518298956227835,0.0,-0.09146978129125627,0.0,0.057116544000000005
293,6114571143000,0.0862258848723459,0.15000000000000002,0.14000000059604645,0.12000000029802323,-0.03305786615436027,0.09566094478453159,-0.04015116021037102,-0.06000000089406966,-1.5923419002760406,-2.400359489921567,-1.556068796206426,90.1776631488573,0.45211388026948696,-0.05334132199825704,0.0,-0.09577223946102609,0.0,0.044074058
294,6114640049000,0.08622628325152791,0.15000000000000002,0.14000000059604645,0.12000000029802323,0.02203364700930499,0.09566094478453159,-0.014862792566418648,-0.06000000089406966,-1.606927674805287,-3.3968949284138295,-1.7793598764203682,90.03507131279684,0.43534314954614217,-0.07548655396475176,0.0,-0.12931370090771566,0.0,0.051546163000000006
295,6114675127000,0.08622625825927807,0.15000000000000002,0.14000000059604645,0.12000000029802323,0.002899961846040884,0.09566094478453159,-0.06065196543931961,-0.06000000089406966,-1.9313731309346092,-1.7768805892319783,-1.7677319936127127,90.05597326413886,0.4660547196468282,-0.03948623531626619,0.0,-0.06789056070634358,0.0,0.048505776
296,6114746184000,0.08622629522226292,0.15000000000000002,0.14000000059604645,0.12000000029802323,0.00043595115611345936,0.09566094478453159,-0.02592387981712818,-0.06000000089406966,-2.694875901062824,-3.3646659962156087,-1.9557056558542039,90.01784650289724,0.4398714800311492,-0.07477035547145797,0.0,-0.12025703993770165,0.0,0.069474004
297,6114780115000,0.08622627882348731,0.15000000000000002,0.14000000059604645,0.12000000029802323,0.033496816103535804,0.09566094478453159,-0.04018121957778931,-0.06000000089406966,-2.3832961459684534,-2.265710179430859,-1.6819040670122192,90.03958744236816,0.45099852636830207,-0.05034911509846353,0.0,-0.09800294726339587,0.0,0.033967362
298,6114848854000,0.0862262628476833,0.15000000000000002,0.14000000059604645,0.12000000029802323,0.008909243769876632,0.09566094478453159,-0.04920561984181404,-0.06000000089406966,-2.296519058912506,-3.6453590170033996,-1.6810311020328983,90.05276008774594,0.45399947087329534,-0.0810079781556311,0.0,-0.09200105825340932,0.0,0.07
299,6114883101000,0.08622627961994973,0.15000000000000002,0.14000000059604645,0.12000000029802323,0.03278972065853095,0.09566094478453159,-0.03775809332728386,-0.06000000089406966,-2.4281722370324403,-3.420685208832941,-1.662230333996509,89.96118608783425,0.44486510883319924,-0.07601522686295424,0.0,-0.11026978233360152,0.0,0.031191288
300,6114952121000,0.08622611778580705,0.15000000000000002,0.14000000059604645,0.12000000029802323,0.0010783785538709993,0.09566094478453159,-0.04093243554234505,-0.06000000089406966,-2.8683457998841493,-1.7822599242705521,-1.7885738791828698,90.1175976980106,0.4479363460722079,-0.03960577609490116,0.0,-0.10412730785558422,0.0,0.032389018
301,6114986078000,0.08622609561785063,0.15000000000000002,0.14000000059604645,0.12000000029802323,0.001968574766983693,0.09566094478453159,-0.05983717739582062,-0.06000000089406966,-3.0659992444343507,-2.2561860574267314,-1.7190887821099048,90.12456795747539,0.4593485598590451,-0.050137467942816254,0.0,-0.0813028802819098,0.0,0.048783302
302,6115021112000,0.08622623854236075,0.15000000000000002,0.14000000059604645,0.12000000029802323,0.04120130492963934,0.09566094478453159,-0.056632667779922485,-0.06000000089406966,-2.5575227688405278,-2.685252940098176,-1.7054712915179955,90.06807592043002,0.4545539074594568,-0.05967228755773724,0.0,-0.09089218508108643,0.0,0.050615948
303,6115090110000,0.08622608604890991,0.15000000000000002,0.14000000059604645,0.12000000029802323,0.016059536530931014,0.09566094478453159,-0.09851006418466568,-0.06000000089406966,-1.5505125894914926,-2.8241922487563973,-1.794520762002493,90.1274589884843,0.47853849257977893,-0.06275982775014216,0.0,-0.04292301484044214,0.0,0.059383877
304,6115125046000,0.08622626786231229,0.15000000000000002,0.14000000059604645,0.12000000029802323,0.02955492289597743,0.09566094478453159,-0.09151995927095413,-0.06000000089406966,-1.790265560065794,-3.855918312325005,-1.8224499751831422,90.0490080916972,0.4691260266951157,-0.08568707360722233,0.0,-0.06174794660976857,0.0,0.048846440000000005
305,6115193267000,0.08622623065132476,0.15000000000000002,0.14000000059604645,0.12000000029802323,0.018191882295526807,0.09566094478453159,-0.07798827439546585,-0.06000000089406966,-2.9932682178415613,-1.1976101136072679,-1.5597692684981674,90.07235458448744,0.4599078647543592,-0.02661355808016151,0.0,-0.08018427049128163,0.0,0.043687916
306,6115231106000,0.08622605984488162,0.15000000000000002,0.14000000059604645,0.12000000029802323,-0.0032177279683015926,0.09566094478453159,-0.05622942000627518,-0.06000000089406966,-3.4750606008339213,-2.696047582237729,-1.401356155715923,90.13505952102746,0.448661831754941,-0.059912168494171754,0.0,-0.10267633649011798,0.0,0.051141972
307,6115300041000,0.08622618856181676,0.15000000000000002,0.12999999523162842,0.12000000029802323,0.05602157500802973,0.09566094478453159,-0.0447213351726532,-0.029999984800815574,-3.4258097399939524,-3.175650361560509,-1.4419147802604186,90.0918697404817,0.45671264483395363,-0.07057000803467799,0.0,-0.08657471033209274,0.0,0.054373463000000004
308,6115334102000,0.0862262960686218,0.15000000000000002,0.14000000059604645,0.12000000029802323,0.06404122186606706,0.09566094478453159,-0.0017690560780465603,-0.06000000089406966,-3.6668234777695727,-4.214350854830279,-1.616537573543899,90.01593902572075,0.42309719191741213,-0.09365224121845064,0.0,-0.15380561616517574,0.0,0.05304152
309,6115371014000,0.08622621918202497,0.15000000000000002,0.14000000059604645,0.12000000029802323,0.06153006003844853,0.09566094478453159,-0.009043686091899872,-0.06000000089406966,-3.80237880316742,-3.613727905259648,-1.6762395161469685,89.92184307990274,0.43369631826544774,-0.08030506456132551,0.0,-0.1326073634691045,0.0,0.042328491
310,6115440139000,0.08622613756549817,0.15000000000000002,0.14000000059604645,0.12000000029802323,0.0489666953660045,0.09566094478453159,-0.023336024954915047,-0.06000000089406966,-3.1268647515197023,-1.622462983102899,-1.867840244335147,90.11100951933533,0.4435298758270409,-0.0360547329578422,0.0,-0.1129402483459182,0.0,0.049192346000000005
311,6115474035000,0.09580663418390482,0.15000000000000002,0.14000000059604645,0.12000000029802323,0.050625785261122755,0.09250982755398662,-0.05174189433455467,-0.06000000089406966,-3.045784241113633,-1.308861131754613,-1.9771868537831772,90.15854778884672,0.4583155470168957,-0.02908580292788029,0.0,-0.0833689059662086,0.0,0.056134813000000006
312,6115543151000,0.09580700042385198,0.15000000000000002,0.14000000059604645,0.12000000029802323,0.09362354461180729,0.08815274671171279,-0.015168297104537487,-0.06000000089406966,-3.1200024468894765,0.7504100097299673,-1.7701631616030735,89.99374550100013,0.4309286627398834,0.016675777993999275,0.0,-0.1381426745202332,0.0,0.043660274000000006
313,6115577083000,0.09580695956666556,0.15000000000000002,0.14000000059604645,0.12000000029802323,0.05258781412301941,0.0812895606500017,-0.05504841357469559,-0.06000000089406966,-3.9176442509922604,-2.5449533346865736,-1.7510969423779967,90.0532826841516,0.4586578773794403,-0.056554518548590525,0.0,-0.08268424524111939,0.0,0.049261893
314,6115646120000,0.1053876112583164,0.15000000000000002,0.14000000059604645,0.12000000029802323,0.08493477019732215,0.07787195070013411,-0.05497223883867264,-0.06000000089406966,-4.1752203114051,-1.0957274493686848,-1.685695008542808,90.07542925059654,0.45382542941618925,-0.02434949887485966,0.0,-0.0923491411676215,0.0,0.058460328000000006
315,6115682163000,0.10538769188582024,0.15000000000000002,0.14000000059604645,0.12000000029802323,0.09167117919330647,0.07363470741801964,-0.01997711881995201,-0.06000000089406966,-3.7598054002005723,-0.6808622775655141,-1.6404477604316479,90.025816836438,0.4300796311432109,-0.015130272834789201,0.0,-0.1398407377135782,0.0,0.042125605
316,6115717122000,0.10538769872598576,0.15000000000000002,0.14000000059604645,0.12000000029802323,0.1103260960510568,0.06691845191102139,-0.05517050623893738,-0.06000000089406966,-3.2041004458832267,-1.6146832429610645,-1.5314121386694663,90.01550385096272,0.45618636363788306,-0.035881849843579214,0.0,-0.08762727272423387,0.0,0.047732093
317,6115790244000,0.11496838562843831,0.15000000000000002,0.12999999523162842,0.12000000029802323,0.10036599226141131,0.062211684179964616,-0.05651658773422241,-0.029999984800815574,-3.392268993827397,-1.0088841240860593,-1.6617088521785266,90.03853022818478,0.46430743945568514,-0.02241964720191243,0.0,-0.07138512108862971,0.0,0.068605887
318,6115824094000,0.11496840514148103,0.15000000000000002,0.12999999523162842,0.12000000029802323,0.11978556765824944,0.05893837755638102,-0.05198730528354645,-0.029999984800815574,-3.5099336783239683,0.29238035865824236,-1.5468356881559036,89.98075868621581,0.4605473054960173,0.006497341303516497,0.0,-0.0789053890079654,0.0,0.032405366000000005
319,6115893033000,0.12454880678323983,0.15000000000000002,0.12999999523162842,0.12000000029802323,0.07073769954022538,0.04945943829543527,-0.07069043070077896,-0.029999984800815574,-3.286802180470485,3.2779560981074947,-1.2555916206872755,90.12554187799915,0.47231572617479667,0.07284346884683321,0.0,-0.05536854765040666,0.0,0.059174625
320,6115928521000,0.13412904885514126,0.15000000000000002,0.12999999523162842,0.12000000029802323,0.08396792034433072,0.04138901136772593,-0.09272880107164383,-0.029999984800815574,-1.9851599329798688,4.811143539314199,-1.4646522243815552,90.19268697983468,0.4848123699897898,0.10691430087364887,0.0,-0.030375260020420347,0.0,0.040261977000000004
321,6115998133000,0.13412979429274138,0.15000000000000002,0.12999999523162842,0.12000000029802323,0.14236355671223952,0.0333459629160069,-0.022036908194422722,-0.029999984800815574,-0.45520535399957274,1.8257864148394862,-1.5335515830115214,89.97471568458184,0.43872535020463405,0.04057303144087747,0.0,-0.12254929959073191,0.0,0.055482591000000005
322,6116033047000,0.14371044852699064,0.15000000000000002,0.12999999523162842,0.12000000029802323,0.0848188327356529,0.024070738632999925,-0.07056821137666702,-0.029999984800815574,-1.2592977928852307,4.251386970706519,-1.8327671119089104,89.94746267256627,0.47655975545612744,0.09447526601570042,0.0,-0.046880489087745114,0.0,0.048053488000000005
323,6116069498000,0.1437101054904759,0.15000000000000002,0.12999999523162842,0.12000000029802323,0.08800238382422367,0.017244551719906947,-0.014137198217213154,-0.029999984800815574,-2.3131776320994066,2.0497297196951596,-1.8613130677104828,89.86423448434326,0.43810018677299994,0.0455495493265591,0.0,-0.12379962645400011,0.0,0.046630796
324,6116138135000,0.15329103569718985,0.15000000000000002,0.12999999523162842,0.12000000029802323,0.08234172525481653,0.007112150721760385,-0.046214357018470764,-0.029999984800815574,-2.2564111222142293,5.199001049575484,-1.5067136877090441,90.08653528567659,0.46450078731676103,0.11553335665723298,0.0,-0.07099842536647794,0.0,0.051263884
325,6116172052000,0.15329116015458838,0.15000000000000002,0.12999999523162842,0.12000000029802323,0.08547222725972935,-7.570757011676754e-05,-0.028390994295477867,-0.029999984800815574,-1.4634349825703663,2.48828546370102,-1.3616751104078506,90.0464512871095,0.4518037924267553,0.05529523252668934,0.0,-0.09639241514648944,0.0,0.048044977
