count,timestamp,qx,qy,qz,qw,p,q,r,ax,ay,az,x,y,z,vx,vy,vz,roll,pitch,yaw,y_actual,vy_actual
0,6099770031000,0.0011975332163274288,-0.004433586727827787,0.7073426842689514,0.706855833530426,-0.08771850168704987,0.017551185563206673,-0.005095270927995443,1.6392545700073242,0.03656468912959099,-9.15836238861084,0.0,0.0,0.07000000029802322,0.016432564705610275,0.04070848971605301,-0.05096692219376564,-0.2623759986572445,-0.45619075314309954,90.04049371803144,-0.0,-0.01646133127166473
1,6099837187000,-0.0007195405778475106,-0.00706779770553112,0.7073571681976318,0.7068204879760742,-0.026932964101433754,-0.008274433203041553,0.001021140837110579,0.1254119873046875,0.4838811159133911,-9.495112419128418,0.0,0.0,0.07000000029802322,0.026527203619480133,-0.01718500815331936,-0.03775199130177498,-0.6312135637384862,-0.5141440193085052,90.04631962542948,-0.0,-0.026513302076786507
2,6099872087000,-0.0008453376358374953,-0.005335184279829264,0.7071691155433655,0.7070236802101135,0.08985231071710587,0.007901162840425968,-0.0037724317517131567,-0.8462822437286377,0.5684523582458496,-9.987652778625488,0.0,0.0,0.07000000029802322,0.02782691828906536,-0.015401387587189674,-0.037630509585142136,-0.5008448455625215,-0.3637510622919178,90.01337443602142,-0.0,-0.02782332241673117
3,6099940015000,0.001219194964505732,-0.0032065350096672773,0.7070008516311646,0.7072043418884277,0.09069180488586426,-0.03741762787103653,0.000441630429122597,-0.9826769828796387,0.40022408962249756,-10.296786308288574,0.0,0.0,0.07000000029802322,0.017840277403593063,-0.0006481335149146616,-0.023613063618540764,-0.1609819398759819,-0.3586335285587475,89.98401522064091,0.0,-0.017840457530147145
4,6099975013000,0.0013701716670766473,-0.002252395497635007,0.7070051431655884,0.7072035074234009,0.01537196896970272,0.016949009150266647,0.019238026812672615,-0.03514732047915459,-1.186869502067566,-9.699222564697266,0.0,0.0,0.07000000029802322,-0.01329714898020029,0.026397762820124626,-0.036215685307979584,-0.07144477992419034,-0.29354135368852735,89.9841098079009,0.0,0.013304469523189961
5,6100044113000,0.0021883880253881216,-0.002918527228757739,0.70685875415802,0.7073453664779663,-0.05170024558901787,0.03872377797961235,0.041676413267850876,-0.5893812775611877,0.4936617910861969,-9.801032066345215,0.0,0.0,0.07000000029802322,0.047041717916727066,0.014234586618840694,-0.03422744944691658,-0.05902082697382835,-0.41382668366826947,89.9607834312788,0.0,-0.04703196391818072
6,6100079087000,0.0013639612589031458,-0.005565723869949579,0.7067003846168518,0.7074896693229675,0.07406942546367645,0.036625511944293976,-0.04294518753886223,0.40179455280303955,0.5382076501846313,-10.016722679138184,0.0,0.0,0.07000000029802322,0.010770865716040134,-0.016162080690264702,-0.03905646130442619,-0.3401617274162633,-0.5616915051598164,89.93771179583023,0.0,-0.010788429699183418
7,6100114113000,0.004602719098329544,-0.002630958566442132,0.7068405151367188,0.7073529958724976,0.08624196797609329,0.08307990431785583,-0.029721850529313087,0.2985382378101349,0.7214300036430359,-10.387247085571289,0.0,0.0,0.07000000029802322,0.011198606342077255,0.017359662801027298,-0.020824545994400978,0.15998746982617698,-0.5860779050140416,89.95765562119902,0.0,-0.011185773646465513
8,6100184029000,0.005957751534879208,-0.005537034943699837,0.7067626118659973,0.7074039578437805,-0.09336593747138977,0.020532259717583656,0.02988891303539276,-0.17095991969108582,-0.3294781446456909,-10.479204177856445,0.0,0.0,0.07000000029802322,0.03907928615808487,2.8570388167281635e-05,0.01663372851908207,0.034515846367732445,-0.9313996458688316,89.94775044354303,0.0,-0.03907924385461528
9,6100253134000,0.0005966487806290388,-0.01186210848391056,0.706358015537262,0.7077550292015076,-0.21869593858718872,0.011151538230478764,0.0063555072993040085,0.39588838815689087,-0.0891517773270607,-10.76823902130127,0.0,0.0,0.07999999821186066,0.008275790140032768,-0.010473926551640034,0.07285504788160324,-0.9119412204449947,-1.010396464876923,89.89483541650536,0.0,-0.008295000748424538
10,6100288342000,-0.0015562856569886208,-0.013848655857145786,0.705653965473175,0.7084195017814636,-0.21377050876617432,0.01578262448310852,0.03188500925898552,0.2830730974674225,0.4305444657802582,-10.848715782165527,0.0,0.0,0.07999999821186066,0.0030430767219513655,-0.004137960262596607,0.10688667744398117,-1.2464550425017564,-0.9984248420182005,89.78675185524048,0.0,-0.0030584566103013544
11,6100323205000,-0.0012872779043391347,-0.013840829953551292,0.7055022716522217,0.7085713148117065,0.04824554920196533,0.06907843053340912,-0.04265120252966881,-0.2571786940097809,0.4377858638763428,-10.57107162475586,0.0,0.0,0.07999999821186066,-0.0014617904089391232,-0.0041437712498009205,0.11703168600797653,-1.2237655103331677,-1.0198084485074943,89.76218751941998,0.0,0.0014445786851379518
12,6100392028000,0.0011735057923942804,-0.012702171690762043,0.7061049342155457,0.7079922556877136,0.053091756999492645,-0.014149120077490807,-0.020348478108644485,0.3740890324115753,0.6658808588981628,-10.007973670959473,-0.009580700658261776,0.0,0.09999999403953552,0.0022782431915402412,-0.015709999948740005,0.1701667606830597,-0.9327940577155843,-1.1255515015335182,89.85622340798159,0.00958067049362132,-0.0023176582569980654
13,6100429106000,0.0020738739985972643,-0.010550543665885925,0.7054328918457031,0.7086951732635498,0.19616203010082245,-0.031009402126073837,0.034454699605703354,0.7222355604171753,0.8636810779571533,-9.552396774291992,-0.009580700658261776,0.0,0.10999999940395355,0.01826418563723564,0.004207417834550142,0.14325247704982758,-0.6845760487253872,-1.0245143680444244,89.74176755935619,0.009580603351532428,-0.0182450373417882
14,6100498112000,0.006728126667439938,-0.006413040682673454,0.7063122391700745,0.7078394293785095,0.18345406651496887,0.02981295995414257,-0.05213285610079765,-0.35863927006721497,-0.1997007578611374,-9.613744735717773,-0.009580700658261776,0.0,0.11999999731779099,0.01679958961904049,0.01837942935526371,0.12211558222770691,0.02668429795064305,-1.0647957485633388,89.87600078824313,0.009580678221525148,-0.016759773647468987
15,6100533089000,0.007773043587803841,-0.007379022426903248,0.7065462470054626,0.7075857520103455,-0.11446376889944077,-0.03385980427265167,0.018828099593520164,0.4023316204547882,0.004166534636169672,-9.539382934570312,-0.009580700658261776,0.0,0.11999999731779099,-0.013484065420925617,-0.011184554547071457,0.13349516689777374,0.03283507332122419,-1.2277483008957952,89.91541384598797,0.009580690217781209,0.01346753889785756
16,6100569241000,0.0048491996712982655,-0.007184556219726801,0.7056147456169128,0.7085426449775696,-0.1459743082523346,0.020295167341828346,0.09656793624162674,0.21447810530662537,0.3767643868923187,-8.426531791687012,-0.009580700658261776,0.0,0.12999999523162842,0.021665485575795174,-0.003813429968431592,0.11952485889196396,-0.18723158169012327,-0.9754769934522968,89.76434158994739,0.00958061962052847,-0.021680986970764534
17,6100673069000,0.005074665416032076,-0.009140323847532272,0.7067969441413879,0.7073392271995544,0.10890506953001022,0.07199414074420929,-0.0011362832738086581,0.48490777611732483,0.06935221701860428,-9.253585815429688,-0.009580700658261776,0.0,0.14000000059604645,-0.001341073540970683,-0.01892283745110035,0.029367754235863686,-0.32904269138221814,-1.1519597071010812,89.95936513451834,0.009580698248802194,0.0013276528977669837
18,6100744030000,0.006887905765324831,-0.008944573812186718,0.705646276473999,0.7084742784500122,-0.11357150226831436,-0.0016175380442291498,0.13922956585884094,-0.40901511907577515,-0.12192770838737488,-8.701495170593262,-0.009580700658261776,0.0,0.14000000059604645,0.023382842540740967,0.0011523265857249498,-0.02035890519618988,-0.1641137213022637,-1.2832378312701949,89.77267444841448,0.009580625250170506,-0.023378086563131235
19,6100779055000,0.0035504125989973545,-0.012587270699441433,0.7046301364898682,0.7094542980194092,-0.09617678076028824,0.0914367064833641,-0.09759806096553802,0.42023324966430664,0.3190678656101227,-9.450896263122559,-0.009580700658261776,0.0,0.14000000059604645,-0.011928007006645203,-0.023282712325453758,-0.045388542115688324,-0.7279251980326633,-1.3101042528823112,89.61739411122085,0.009580487047220526,0.011772266490913995
20,6100848928000,0.0043896157294511795,-0.011411599814891815,0.7067487239837646,0.7073589563369751,0.05639714002609253,-0.01166867557913065,-0.07588562369346619,0.5060285329818726,1.1432310342788696,-9.111695289611816,-0.009580700658261776,0.0,0.14000000059604645,0.019509635865688324,0.011731911450624466,-0.09369015693664551,-0.5685369078514266,-1.2806046403561449,89.95690404251,0.00958069794810098,-0.019500805998647557
21,6100883071000,0.0063459728844463825,-0.010917998850345612,0.7061701416969299,0.7079295516014099,0.17105373740196228,0.003611610969528556,0.07812460511922836,-0.208241268992424,0.18081146478652954,-10.893674850463867,-0.009580700658261776,0.0,0.14000000059604645,0.0018067954806610942,0.015615018084645271,-0.09768345952033997,-0.3688066483824186,-1.3993605727058276,89.86193030862796,0.00958067284073539,-0.0017691616578134285
22,6100952117000,0.006083138287067413,-0.01015523076057434,0.7058170437812805,0.7082951664924622,-0.18484583497047424,0.02667081542313099,-0.04622243344783783,0.23417578637599945,-0.0440559946000576,-9.149555206298828,-0.009580700658261776,0.0,0.14000000059604645,0.007389349397271872,-0.003473537275567651,-0.04759670048952103,-0.3277144645377935,-1.316370025733474,89.80295212035219,0.009580643999756309,-0.007401251635597767
23,6100986065000,0.004464780446141958,-0.011759615503251553,0.7061914205551147,0.7079092264175415,-0.19730253517627716,-0.01755501702427864,0.014601204544305801,-0.003919118084013462,0.12151215970516205,-9.919229507446289,-0.009580700658261776,0.0,0.14000000059604645,0.0095411641523242,0.0074333189986646175,-0.07288110256195068,-0.5896110257345861,-1.3153664862999195,89.86756612346859,0.009580675065332256,-0.00952395725335329
24,6101021184000,0.002889020601287484,-0.015102896839380264,0.7058669924736023,0.7081775069236755,0.21123000979423523,-0.00010318239219486713,-0.014162885956466198,0.08271625638008118,0.744385838508606,-9.760199546813965,-0.009580700658261776,0.0,0.14000000059604645,-0.0029738526791334152,-0.005764462985098362,-0.04931594803929329,-0.9875407593842312,-1.459457908360058,89.8253388170218,0.009580656142432416,0.002956266426342906
25,6101092064000,0.008869393728673458,-0.009126675315201283,0.7062329649925232,0.7078651785850525,0.2378314882516861,0.07347580045461655,-0.08436208218336105,0.4550894498825073,-0.026879873126745224,-9.882784843444824,-0.009580700658261776,0.0,0.14000000059604645,-0.03742213547229767,-0.002544699003919959,-0.033928025513887405,-0.019168665094855382,-1.4582562883561927,89.86797744401935,0.009580675224061216,0.03741617256428363
26,6101129394000,0.009787946939468384,-0.009533192962408066,0.7066580057144165,0.7074233293533325,-0.12124498933553696,0.009922555647790432,0.11112643778324127,-0.32004061341285706,-0.39072099328041077,-9.690306663513184,-0.009580700658261776,0.0,0.14000000059604645,0.008965177461504936,0.0066777789033949375,-0.04427596181631088,0.02149564803467839,-1.5655996602744688,89.93768750387777,0.009580694992317942,-0.008957909687653653
27,6101198050000,0.005537233781069517,-0.013622586615383625,0.7046362161636353,0.709416389465332,-0.12499574571847916,-0.01825111173093319,0.03585309162735939,0.5315962433815002,0.45913001894950867,-9.949068069458008,-0.009580700658261776,0.0,0.12999999523162842,-0.022594531998038292,-0.02162870205938816,-0.0442579947412014,-0.6500748536956896,-1.5547193670497703,89.62144778280933,0.009580491549601649,0.022451139431006576
28,6101233155000,0.006615709513425827,-0.012236107140779495,0.7058374881744385,0.7082371711730957,0.1144319474697113,0.018267938867211342,-0.07355271279811859,0.2650872468948364,0.6451507806777954,-8.648934364318848,-0.009580700658261776,0.0,0.12999999523162842,0.0070198881439864635,-4.642234125640243e-05,-0.038306158035993576,-0.4529413874028252,-1.528337883858545,89.81157983719791,0.009580648852702245,-0.007020002847482978
29,6101303018000,0.008554180152714252,-0.010638720355927944,0.7061794400215149,0.7079012989997864,0.16812853515148163,-0.000526755175087601,0.06810381263494492,-0.40151694416999817,-0.575143039226532,-9.897917747497559,-0.009580700658261776,0.0,0.12999999523162842,-0.013366052880883217,-0.0019366976339370012,-0.10616006702184677,-0.16705954665475825,-1.5554219546601717,89.86273511131819,0.009580673164084575,0.013361374734649042
30,6101338055000,0.008417592383921146,-0.011256243102252483,0.70484459400177,0.7092225551605225,0.015403605066239834,0.04178278148174286,0.059632737189531326,-0.16915421187877655,-0.6082941293716431,-10.173245429992676,-0.009580700658261776,0.0,0.12999999523162842,-0.029565934091806412,-0.01098286360502243,-0.07347865402698517,-0.22514052557355407,-1.5948935711524244,89.64835864441724,0.009580520223363668,0.029497972572233813
31,6101373023000,0.002953377552330494,-0.013836127705872059,0.7054075598716736,0.7086607813835144,-0.20077596604824066,0.04453304782509804,-0.009932075627148151,0.11289126425981522,0.5961293578147888,-9.244826316833496,-0.009580700658261776,0.0,0.12999999523162842,0.01113523356616497,-0.0085621178150177,-0.09618300944566727,-0.8788753769205113,-1.3624449718609195,89.74681998935061,0.009580607121973618,-0.011172959228283211
32,6101442154000,0.0037227440625429153,-0.01338404044508934,0.7063838839530945,0.707692563533783,0.40529942512512207,-0.04185131564736366,-0.03187854215502739,-0.43406152725219727,0.6293332576751709,-10.423128128051758,-0.009580700658261776,0.0,0.12999999523162842,0.01783413253724575,-0.010898820124566555,-0.0782657191157341,-0.7817347357868053,-1.3868620731307006,89.90341112034703,0.009580687044562115,-0.01785248035238133
33,6101476093000,0.009580925107002258,-0.008307572454214096,0.7066155076026917,0.7074840664863586,0.41770440340042114,0.04518037289381027,-0.02662312053143978,0.3376197814941406,-0.5431764721870422,-10.294358253479004,-0.009580700658261776,0.0,0.11999999731779099,0.0009658277849666774,-0.02128564938902855,-0.05382712930440903,0.10409308065436501,-1.4494519733995854,89.92829961085646,0.009580693156470449,-0.0009924640508288578
34,6101545095000,0.0138577064499259,-0.0036828189622610807,0.7063950300216675,0.7076724767684937,-0.3064681887626648,0.0633803978562355,0.08071863651275635,-0.45510587096214294,-1.1999202966690063,-9.925844192504883,-0.009580700658261776,0.0,0.11999999731779099,-0.005917498376220465,0.0036536494735628366,-0.047587137669324875,0.8259367722304986,-1.420536110910049,89.8862403431633,0.009580681774069458,0.0059247409577061205
35,6101579069000,0.00802187155932188,-0.012237009592354298,0.7054967880249023,0.7085620164871216,-0.47174450755119324,0.02876719832420349,0.07208516448736191,0.04575023427605629,-0.784058690071106,-10.24817943572998,-0.009580700658261776,0.0,0.11999999731779099,-0.011131682433187962,-0.014142817817628384,-0.0553295835852623,-0.338091708507345,-1.6423317406243756,89.75644833153251,0.009580614100986892,0.011071464058444894
36,6101648657000,0.000912034185603261,-0.018851183354854584,0.7053866386413574,0.7085714340209961,-0.2053745985031128,0.03170811012387276,-0.02210056409239769,0.7392958402633667,1.0977907180786133,-8.833000183105469,-0.009580700658261776,0.0,0.11999999731779099,-0.0005394300678744912,0.002582927467301488,-0.07051790505647659,-1.4504364959896507,-1.6045771539337697,89.76220697662178,0.009580618145788582,0.0005501452408019005
37,6101682156000,0.004801207687705755,-0.015053140930831432,0.7059879302978516,0.70804762840271,0.7151221632957458,-0.018797488883137703,-0.07500892877578735,0.09910185635089874,0.8628523945808411,-9.809820175170898,-0.009580700658261776,0.0,0.11999999731779099,0.008181193843483925,-0.010121730156242847,-0.04198600724339485,-0.8286067762413032,-1.6099866010400374,89.84472764072743,0.009580665477110386,-0.008208593797348724
38,6101751079000,0.02088804915547371,0.0029582311399281025,0.7063035368919373,0.7075946927070618,0.633591890335083,-0.01167583279311657,0.03373851254582405,-0.08342482149600983,-0.44420331716537476,-9.250266075134277,-0.019161401316523552,0.0,0.11999999731779099,-0.0025623952969908714,-0.001726295449770987,-0.07082328200340271,1.9341104196814343,-1.4508927189996812,89.87086408502178,0.019161352648253346,0.0025584979863806723
39,6101785025000,0.01956239715218544,0.0005069760954938829,0.7059755921363831,0.7079657912254333,-0.38652241230010986,0.04861537367105484,0.04015213996171951,0.4563608169555664,-1.7042227983474731,-9.652767181396484,-0.019161401316523552,0.0,0.11999999731779099,-0.025591915473341942,-0.03166215121746063,-0.06978334486484528,1.6288593230470074,-1.5416318509167124,89.81678998814343,0.019161303356238103,0.02549054134796281
40,6101820011000,0.01218333188444376,-0.00722796143963933,0.705001711845398,0.7090641260147095,-0.5681329965591431,-0.00015143744531087577,0.01619093492627144,0.5324075818061829,-1.11861252784729,-9.416412353515625,-0.019161401316523552,0.0,0.11999999731779099,-0.02869013138115406,-0.014092043973505497,-0.046864889562129974,0.4061584946617762,-1.5717467455582297,89.66522404524028,0.019161074232534728,0.028607303105814687
41,6101890110000,0.007381907198578119,-0.011542314663529396,0.7058539390563965,0.7082250118255615,-0.1914244294166565,-0.0498359352350235,-0.033892758190631866,0.4204503893852234,3.10036301612854,-10.150167465209961,-0.019161401316523552,0.0,0.11999999731779099,0.015100239776074886,-0.005923800636082888,-0.02449818141758442,-0.33463022729365965,-1.5340029609474162,89.8123373711528,0.01916129853685574,-0.015119561151761787
42,6101925045000,0.011225755326449871,-0.008261441253125668,0.7062330842018127,0.7078421711921692,0.7684987187385559,0.025714917108416557,-0.05733899027109146,0.6610757112503052,0.6077883243560791,-9.290969848632812,-0.019161401316523552,0.0,0.11999999731779099,-0.020372480154037476,-0.0017694283742457628,-0.024332325905561447,0.2420595546692554,-1.5787897963002406,89.86627024832953,0.019161349124049317,0.020368294777403966
43,6101993105000,0.02720833197236061,0.005603304598480463,0.7064962387084961,0.7071713209152222,0.12783382833003998,0.06198228523135185,0.04555429890751839,-0.4379342496395111,-3.4114809036254883,-10.041376113891602,-0.019161401316523552,0.0,0.11999999731779099,-0.06039095297455788,-0.01878507435321808,-0.02966466173529625,2.6606813190646603,-1.7489490222663382,89.90465900751862,0.019161374788112195,0.06035961074838596
44,6102030129000,0.02101917937397957,-0.0006325996364466846,0.705581784248352,0.708316445350647,-0.5740699172019958,0.0460372269153595,0.02160283550620079,0.9990980625152588,-0.41966933012008667,-9.634282112121582,-0.019161401316523552,0.0,0.11999999731779099,-0.047311145812273026,0.0033494492527097464,-0.016799338161945343,1.6559211409180863,-1.7510975530747142,89.75305724873449,0.019161223347712544,0.047325142353243074
45,6102098176000,0.007405333686619997,-0.013846328482031822,0.7052906155586243,0.7087443470954895,-0.5406389832496643,-0.00465411739423871,0.007912460714578629,-0.011965063400566578,2.3559751510620117,-9.861414909362793,-0.019161401316523552,0.0,0.11999999731779099,0.0220864936709404,0.009210347197949886,-0.03479362279176712,-0.5178739610869595,-1.723306625851845,89.72790341791426,0.019161185245085147,-0.022042505013363696
46,6102132077000,0.008490885607898235,-0.01174325030297041,0.706313967704773,0.7077503204345703,0.32362794876098633,-0.0180203914642334,-0.08184055238962173,0.7296475768089294,1.2582639455795288,-8.701766014099121,-0.019161401316523552,0.0,0.12999999523162842,0.01820964924991131,0.01889626309275627,-0.06087629869580269,-0.26194931628233226,-1.6398596246643715,89.88735117361348,0.019161364282132387,-0.01817246226990238
47,6102201014000,0.022503389045596123,0.001716242404654622,0.7074658870697021,0.7063870429992676,0.6430202722549438,0.017657745629549026,-0.009528533555567265,-0.3618277907371521,-1.1585828065872192,-10.179671287536621,-0.019161401316523552,0.0,0.11999999731779099,-0.009054288268089294,0.009804782457649708,-0.06295009702444077,1.9619265401979216,-1.6856614194621335,90.05857418681829,0.019161391303516902,0.009044259987565603
48,6102236119000,0.02278457023203373,0.0032090102322399616,0.705797553062439,0.7080397605895996,-0.45054036378860474,0.0011457182699814439,0.05665062367916107,0.25007379055023193,-1.103076457977295,-9.730550765991211,-0.019161401316523552,0.0,0.11999999731779099,-0.05436207726597786,-0.009152657352387905,-0.04617224261164665,2.10945569072546,-1.5826176388039814,89.78913044290557,0.019161271545034525,0.05432802402448887
49,6102271117000,0.013890119269490242,-0.0042192270047962666,0.7053341269493103,0.7087263464927673,-0.7912050485610962,-0.0653015747666359,0.023326555266976357,-0.1745399683713913,0.4379136562347412,-9.100994110107422,-0.019161401316523552,0.0,0.11999999731779099,-0.008824527263641357,0.012410004623234272,-0.07225782424211502,0.7873347913599591,-1.4654939004246768,89.71503460399677,0.01916116432360855,0.008886140070834742
50,6102341082000,0.0010621180990710855,-0.015617935918271542,0.7062128782272339,0.7078264951705933,-0.02174282819032669,0.014099805615842342,-0.09603948146104813,0.3310210108757019,1.3401718139648438,-9.53148365020752,-0.019161401316523552,0.0,0.11999999731779099,0.03238533437252045,0.0006549844983965158,-0.07670765370130539,-1.1781596082077015,-1.35286416642065,89.88314549063634,0.01916136146519463,-0.03238393118114221
51,6102375105000,0.0036328828427940607,-0.012172013521194458,0.7071153521537781,0.7069841027259827,0.48117661476135254,0.048520248383283615,-0.0033248020336031914,-0.4822527766227722,1.3717329502105713,-10.51771068572998,-0.019161401316523552,0.0,0.11999999731779099,0.010021897032856941,0.020694971084594727,-0.0630519911646843,-0.6921654145521161,-1.280585618334167,90.01837131352292,0.019161400331532193,-0.01002853215121094
52,6102446170000,0.014764530584216118,-0.00567716546356678,0.7067111134529114,0.707325279712677,0.37226051092147827,0.07641976326704025,0.04536496102809906,-0.5241070985794067,-0.40170010924339294,-10.174640655517578,-0.019161401316523552,0.0,0.11999999731779099,0.0016334963729605079,-7.538235513493419e-05,-0.020057275891304016,0.7372907465580392,-1.6560628330805685,89.93957269426994,0.019161390659929365,-0.0016335749668895513
53,6102481157000,0.015544614754617214,-0.0074341027066111565,0.7061966061592102,0.7078060507774353,-0.2439296841621399,0.04945079982280731,0.027858056128025055,0.3864773213863373,-0.9223762154579163,-10.61194133758545,-0.019161401316523552,0.0,0.11999999731779099,-0.026074320077896118,-0.02628282830119133,-0.01816723868250847,0.6595658942284965,-1.8612321171592676,89.85885583543411,0.019161343176173577,0.026009495109539253
54,6102551098000,0.005272609647363424,-0.015802523121237755,0.7051799297332764,0.7088326215744019,-0.41698363423347473,0.007086118217557669,0.024995429441332817,0.5543768405914307,0.606174111366272,-9.366674423217773,-0.019161401316523552,0.0,0.12999999523162842,0.00963832251727581,0.0015202005160972476,-0.0063190823420882225,-0.8491000092287575,-1.7099006547322269,89.71665774479551,0.01916116701570071,-0.009630686913317008
55,6102585083000,0.004962048027664423,-0.01603586971759796,0.7053113579750061,0.7086988091468811,0.1273041069507599,-0.05882760137319565,-0.04238256812095642,0.5284669995307922,2.0485100746154785,-9.936443328857422,-0.019161401316523552,0.0,0.12999999523162842,-0.0023447349667549133,0.017086058855056763,-0.015308271162211895,-0.8935215836531438,-1.7035848907295992,89.73876592318416,0.0191612021524914,0.002422612412814955
56,6102620121000,0.008853674866259098,-0.011438689194619656,0.7061856389045715,0.7078790068626404,0.4104645848274231,-0.01227304246276617,-0.026549363508820534,0.19243906438350677,-0.19229555130004883,-9.163918495178223,-0.019161401316523552,0.0,0.12999999523162842,0.01994706317782402,0.0057974644005298615,0.0006934013217687607,-0.20755480368264928,-1.644562527696178,89.86575353733835,0.01916134871994308,-0.019933424729969552
57,6102690025000,0.01559689361602068,-0.006232771091163158,0.7062691450119019,0.7077442407608032,0.05584040284156799,0.04277723282575607,0.07230907678604126,-0.41632795333862305,-1.6756774187088013,-9.785921096801758,-0.019161401316523552,0.0,0.12999999523162842,-0.01577335223555565,-0.017337080091238022,-0.046192627400159836,0.7608825828903296,-1.7680628719516374,89.8687174145035,0.01916135101674666,0.015733586180996163
58,6102724131000,0.013792548328638077,-0.007697942201048136,0.7054170370101929,0.7086164951324463,-0.5095654129981995,-0.021061426028609276,0.005007162690162659,0.4936426281929016,0.8729925155639648,-9.401192665100098,-0.019161401316523552,0.0,0.12999999523162842,-0.04201195761561394,-0.018518682569265366,-0.03645215928554535,0.49794919900475865,-1.7402701470396171,89.73315739935303,0.019161193508864232,0.041925255576397945
59,6102792143000,0.002747343620285392,-0.015634944662451744,0.7055690884590149,0.7084632515907288,-0.19413182139396667,-0.057773686945438385,-0.02894553542137146,0.9558085203170776,0.9981192350387573,-8.866470336914062,-0.019161401316523552,0.0,0.12999999523162842,0.031659357249736786,0.01596211828291416,-0.04186159372329712,-1.041490876477963,-1.4916034671014773,89.77901857565132,0.019161258800726833,-0.03159755838032822
60,6102826088000,0.002543290611356497,-0.013667097315192223,0.7058637738227844,0.7082112431526184,0.4775438606739044,0.00416056951507926,-0.03865481913089752,-0.33986350893974304,0.7133115530014038,-9.438125610351562,-0.019161401316523552,0.0,0.12999999523162842,0.021138831973075867,0.026734912768006325,-0.06956484913825989,-0.8993501120312783,-1.314985701895277,89.82009077475713,0.019161306854223452,-0.021054780051411343
61,6102895108000,0.01428067684173584,-0.0029054994229227304,0.7065982222557068,0.707464873790741,0.4328002631664276,-0.03732345625758171,0.016331907361745834,-0.2902255356311798,-0.3836718797683716,-9.502065658569336,-0.019161401316523552,0.0,0.12999999523162842,0.0052167330868542194,-0.010321369394659996,-0.079957015812397,0.9227807479844884,-1.3919935039301299,89.91855887721677,0.019161381959461685,-0.005231398768818384
62,6102929364000,0.01626119203865528,0.0004946342087350786,0.7057124972343445,0.7083114981651306,0.3241957128047943,-0.0060818493366241455,0.035796042531728745,-0.08185030519962311,-0.7191355228424072,-9.61453914642334,-0.019161401316523552,0.0,0.12999999523162842,-0.03465225175023079,-0.0042744409292936325,-0.0743211880326271,1.3603293572648276,-1.2749788956760908,89.77424218548978,0.01916125257335495,0.034635140575095084
63,6102998118000,0.01069882232695818,-0.005640002898871899,0.7060352563858032,0.7080733776092529,-0.39055079221725464,0.031105348840355873,0.025376802310347557,-0.33246472477912903,-0.07197817414999008,-9.755165100097656,-0.019161401316523552,0.0,0.12999999523162842,0.0112918671220541,0.008863109163939953,-0.09419345110654831,0.4118993763668479,-1.323338707551686,89.83008504596076,0.019161317057796674,-0.011265533288206706
64,6103032131000,0.009574845433235168,-0.008756972849369049,0.7056565880775452,0.7084351181983948,0.3086124658584595,0.026187563315033913,-0.009401136077940464,-0.14424118399620056,1.7217562198638916,-9.670792579650879,-0.019161401316523552,0.0,0.12999999523162842,0.0426548570394516,-0.005298867356032133,-0.059616245329380035,0.06920691930545629,-1.4853074713454502,89.77394375525702,0.019161252179847068,-0.042675431282485216
65,6103069549000,0.015942053869366646,-0.0031477343291044235,0.7061887383460999,0.7078370451927185,0.6665958166122437,0.09660987555980682,-0.07535919547080994,-0.07090014219284058,-0.44080498814582825,-10.202208518981934,-0.019161401316523552,0.0,0.12999999523162842,0.0318959541618824,-0.0029925312846899033,-0.07206222414970398,1.0388042827337582,-1.5455902447443393,89.85241010683094,0.019161337744651157,-0.031903556881849204
66,6103138021000,0.02818797342479229,0.007304674480110407,0.7064756155014038,0.7071380615234375,0.02602357417345047,0.07482457160949707,0.05033314600586891,0.5523216724395752,-1.3778244256973267,-9.647566795349121,-0.019161401316523552,0.0,0.12999999523162842,-0.02840297296643257,-0.008701428771018982,-0.04061344638466835,2.8779495832919375,-1.6903220788575362,89.90383605088394,0.01916137432816419,0.02838832868584373
67,6103173127000,0.026844598352909088,0.004914292600005865,0.7056360840797424,0.7080486416816711,-0.46994462609291077,-0.030217226594686508,0.12435121089220047,0.05207974091172218,-1.1454999446868896,-9.597269058227539,-0.019161401316523552,0.0,0.12999999523162842,0.01049705222249031,0.020215025171637535,-0.08007141947746277,2.577545345222402,-1.7722072536629816,89.76456847634289,0.019161239552991188,-0.010413899183163334
68,6103244106000,0.016945907846093178,-0.005856531672179699,0.7050673365592957,0.7089137434959412,-0.4542057514190674,-0.022318324074149132,-0.048654843121767044,0.2020118087530136,-1.7725245952606201,-10.232261657714844,-0.019161401316523552,0.0,0.12999999523162842,-0.04108501598238945,-0.004427692852914333,-0.06517460942268372,0.9039388322354799,-1.845217860688682,89.67372376966422,0.019161090630508505,0.04105913604434095
69,6103279019000,0.014490305446088314,-0.006290981080383062,0.7061010003089905,0.7079349160194397,-0.22139166295528412,-0.08681410551071167,-0.09706959128379822,0.01488429307937622,0.3484508693218231,-10.430474281311035,-0.019161401316523552,0.0,0.12999999523162842,0.008890080265700817,-0.018542099744081497,-0.0427912138402462,0.666781534531732,-1.6830447599274567,89.84158797404558,0.019161328079948477,-0.008941311630977236
70,6103351138000,0.023371422663331032,0.004479159601032734,0.7058219909667969,0.7079893350601196,0.24395595490932465,0.030547009781003,0.012165880762040615,0.09735006093978882,0.41732069849967957,-10.214159965515137,-0.019161401316523552,0.0,0.12999999523162842,-0.04254264384508133,-0.0005810084985569119,-0.030986815690994263,2.2597827235656,-1.5270982639742352,89.79421304127081,0.019161277725412266,0.04254028266437684
71,6103385120000,0.023613261058926582,0.004750480409711599,0.7058727145195007,0.7079290747642517,-0.27966928482055664,-0.029300305992364883,0.028664477169513702,0.01820601150393486,-1.4747117757797241,-9.548956871032715,-0.019161401316523552,0.0,0.12999999523162842,-0.0337708480656147,0.011663826182484627,-0.025837047025561333,2.3012570841036846,-1.5248153224798844,89.80270021011232,0.019161287709593904,0.033810812507093974
72,6103419129000,0.017548510804772377,-0.0013620257377624512,0.7059569954872131,0.7080360054969788,-0.48959192633628845,-0.05775520205497742,0.010046773590147495,-0.012061532586812973,-0.2054787427186966,-9.823312759399414,-0.019161401316523552,0.0,0.12999999523162842,-0.009065274149179459,0.0005774192395620048,-0.0457855686545372,1.3141979597007094,-1.53030655794991,89.81396265152654,0.019161300309422494,0.009067101218980887
73,6103488383000,0.005836359225213528,-0.012021602131426334,0.7060173749923706,0.7080683708190918,-0.17279499769210815,0.025458594784140587,-0.014573692344129086,-0.24796447157859802,1.4445228576660156,-9.604175567626953,-0.019161401316523552,0.0,0.12999999523162842,-0.018578920513391495,0.006485752761363983,-0.0676879808306694,-0.49920261591678716,-1.4477534776654264,89.84010336192715,0.019161326700794016,0.018596948080473973
74,6103524086000,0.007100352551788092,-0.01167585514485836,0.7063896059989929,0.7076912522315979,0.1801108717918396,0.0021285510156303644,-0.042962100356817245,-0.2975757122039795,0.42219656705856323,-10.223431587219238,-0.019161401316523552,0.0,0.12999999523162842,-0.007280409336090088,-0.003219758626073599,-0.055880118161439896,-0.36944376040108434,-1.5217848562095877,89.89942627868506,0.019161371796212162,0.0072747463432894
75,6103593104000,0.014393748715519905,-0.005268372595310211,0.7059638500213623,0.7080820798873901,0.22987288236618042,0.07094715535640717,0.04297273978590965,0.548083484172821,-0.5182693600654602,-9.465885162353516,-0.019161401316523552,0.0,0.12999999523162842,-0.05470476299524307,-0.013130786828696728,-0.07123444974422455,0.7420210051997504,-1.59209990177137,89.81803264001495,0.019161304680593693,0.054662784720929086
76,6103631177000,0.01435235794633627,-0.00501141557469964,0.7053172588348389,0.7087287902832031,-0.22091266512870789,0.06010148674249649,0.02562757581472397,0.28009963035583496,0.6242436766624451,-9.737027168273926,-0.019161401316523552,0.0,0.12999999523162842,-0.0381438247859478,0.008979427628219128,-0.042087655514478683,0.7608845149513482,-1.5672005787338268,89.71312965436378,0.019161161144502628,0.038188304983512035
77,6103700060000,0.010576548054814339,-0.010529449209570885,0.7061278223991394,0.7079270482063293,-0.14992867410182953,-0.03463904932141304,-0.04756360501050949,0.039778292179107666,0.22922632098197937,-9.23117446899414,-0.019161401316523552,0.0,0.12999999523162842,0.009295318275690079,0.000692741246894002,-0.06409589946269989,0.005994365675787147,-1.7102439335119144,89.85410573534905,0.0191613391969865,-0.009293524191536274
78,6103735136000,0.010539704002439976,-0.010209943167865276,0.7064862847328186,0.7075745463371277,0.14745740592479706,0.02462109550833702,-0.01270086970180273,-0.19929130375385284,0.5319353342056274,-9.963485717773438,-0.019161401316523552,0.0,0.12999999523162842,-0.007815660908818245,-0.0014031653990969062,-0.08065719157457352,0.028022996035395605,-1.6813513992251479,89.91139912350735,0.01916137840637231,0.007813481742239422
79,6103769455000,0.015250506810843945,-0.006965122185647488,0.706214964389801,0.7077988982200623,0.2345239669084549,0.040215760469436646,0.0047696856781840324,-0.2558358609676361,0.24218034744262695,-9.899601936340332,-0.019161401316523552,0.0,0.12999999523162842,-0.022380506619811058,-0.015069138258695602,-0.06221693754196167,0.6736210663601475,-1.799388148736403,89.86105958591357,0.019161344977544677,0.022343898678335788
80,6103838176000,0.020404057577252388,-0.0014050074387341738,0.7057303786277771,0.7081851363182068,-0.06794234365224838,0.028034860268235207,-0.00027248013066127896,0.25506657361984253,-0.6407658457756042,-9.128775596618652,-0.019161401316523552,0.0,0.12999999523162842,-0.009844603016972542,-0.001962994458153844,-0.025047721341252327,1.5431251720403858,-1.7643896464824742,89.7772898879893,0.019161256562270645,0.009836898457409649
81,6103872111000,0.017030801624059677,-0.005306151229888201,0.7062534689903259,0.7077342867851257,-0.24747659265995026,-0.02485203742980957,0.015716178342700005,0.08958043158054352,-0.9459007978439331,-9.002914428710938,-0.019161401316523552,0.0,0.12999999523162842,0.004372353665530682,-0.00011286636436125264,-0.07603144645690918,0.9522923593322223,-1.8089458500238773,89.86495797323525,0.019161348094706213,-0.004372607538732077
82,6103940038000,0.007901678793132305,-0.013246581889688969,0.7052747011184692,0.7087663412094116,-0.3515206575393677,-0.09252887219190598,-0.006613530684262514,-0.08100415021181107,0.9008436799049377,-9.960650444030762,-0.019161401316523552,0.0,0.12999999523162842,-0.021683236584067345,0.0025817719288170338,-0.06214544549584389,-0.42900173405328,-1.71472730279331,89.72346382150226,0.019161178136624296,0.02169544481958518
83,6103975174000,0.003942759241908789,-0.015367682091891766,0.7056511044502258,0.7083818316459656,0.15775452554225922,-0.019088421016931534,-0.04599953815340996,0.09441594034433365,0.5837830901145935,-9.644725799560547,-0.019161401316523552,0.0,0.12999999523162842,0.015779227018356323,-0.023041343316435814,-0.055822014808654785,-0.9229893014622085,-1.5664783020890352,89.79132378516036,0.019161274230606463,-0.0158630407562224
84,6104045220000,0.011408000253140926,-0.007988293655216694,0.7066180109977722,0.7074581980705261,0.33576279878616333,-0.04299900308251381,-0.06195782870054245,-0.20080815255641937,1.1563241481781006,-10.289994239807129,-0.019161401316523552,0.0,0.12999999523162842,-0.016716191545128822,-0.02584380842745304,-0.049510013312101364,0.2781060748346521,-1.5715316527049534,89.9281000743987,0.019161386229317165,0.016683747243765538
85,6104079039000,0.01896502822637558,-0.0015986611833795905,0.7060955762863159,0.7078608274459839,0.31679317355155945,0.0272354818880558,0.047378022223711014,0.4101470112800598,-0.15955732762813568,-9.514264106750488,-0.019161401316523552,0.0,0.12999999523162842,-0.03384692594408989,-0.029728753492236137,-0.03097437135875225,1.4097308389058754,-1.6644186601748807,89.83645994088945,0.019161323261652197,0.03376193302984588
86,6104149061000,0.02152116224169731,-0.002299522515386343,0.7054999470710754,0.708379328250885,-0.11045430600643158,0.0480167455971241,0.0310731939971447,0.1799519658088684,-0.7662833333015442,-9.839655876159668,-0.019161401316523552,0.0,0.14000000059604645,-0.00981972273439169,-0.01302227471023798,-0.08848060667514801,1.5621386216453168,-1.9268896463760317,89.74036140488379,0.019161204577838552,0.009760611045390201
87,6104184032000,0.020676128566265106,-0.0036550441291183233,0.7053745985031128,0.7085236310958862,-0.19886264204978943,-0.018525922670960426,-0.05372462794184685,0.6433805823326111,0.2662124037742615,-10.855951309204102,-0.019161401316523552,0.0,0.14000000059604645,-0.026216736063361168,-0.013837250880897045,-0.06739047914743423,1.3842263385186324,-1.9683943465109799,89.72100120974495,0.019161174144007264,0.026149045744242063
88,6104252043000,0.01513364352285862,-0.005665076430886984,0.7059218287467957,0.7081053853034973,-0.1537504494190216,-0.014959624968469143,-0.027193088084459305,0.5480542778968811,0.37163859605789185,-9.02577018737793,-0.019161401316523552,0.0,0.14000000059604645,0.011593230068683624,-0.00792501401156187,-0.03703135624527931,0.7700803213942459,-1.6841242796198794,89.81172791172413,0.019161297868190943,-0.01161920877352937
89,6104288476000,0.013598625548183918,-0.005591508466750383,0.7057140469551086,0.7083441615104675,-0.07809028774499893,-0.0445682667195797,0.02024049684405327,0.38788074254989624,0.36791375279426575,-9.182024002075195,-0.019161401316523552,0.0,0.14000000059604645,-0.006333370227366686,0.019793681800365448,-0.08743574470281601,0.6518787771402969,-1.5537602287402206,89.77802314102097,0.019161257513881064,0.006410007722299526
90,6104392136000,0.016207357868552208,-0.003499462967738509,0.7068172693252563,0.7072018384933472,0.14859789609909058,0.02641676366329193,-0.022940948605537415,0.061344027519226074,-0.5925902128219604,-10.304224967956543,-0.019161401316523552,0.0,0.14000000059604645,-0.012667804025113583,-0.022428270429372787,-0.0850866511464119,1.0304494218984597,-1.5965205030374174,89.95447684968396,0.019161395268456453,0.01264998012043642
91,6104428605000,0.0177526343613863,-0.0020225991029292345,0.7058813571929932,0.7081047296524048,-0.07694295048713684,0.01407584361732006,0.06527060270309448,0.26958680152893066,0.19710563123226166,-10.033689498901367,-0.019161401316523552,0.0,0.14000000059604645,-0.02796429768204689,-0.007219143211841583,-0.0540594607591629,1.2774988272033316,-1.6003032851697876,89.80197217194004,0.019161286869626464,0.027939179632751197
92,6104497119000,0.014419501647353172,-0.00450592627748847,0.7058541774749756,0.7081960439682007,-0.1674150824546814,0.0009537981823086739,-0.017493806779384613,0.2800476849079132,-0.2830621004104614,-9.183751106262207,-0.019161401316523552,0.0,0.14000000059604645,0.014054939150810242,-0.005022487603127956,-0.0648110955953598,0.8060432253068752,-1.5321737594109959,89.79944218563887,0.019161283926621794,-0.01407243369558276
93,6104532043000,0.011901458725333214,-0.00843091495335102,0.7066919207572937,0.707370936870575,-0.18103423714637756,-0.0012024176539853215,-0.050637029111385345,-0.02275718003511429,0.09314507246017456,-9.60279655456543,-0.019161401316523552,0.0,0.14000000059604645,0.001684897462837398,0.0061173331923782825,-0.09681263566017151,0.28209168855048783,-1.6474177649237858,89.94091874514655,0.01916139112940431,-0.0016785886040636172
94,6104603047000,0.010703161358833313,-0.008969821035861969,0.7059103846549988,0.7081634402275085,0.09989703446626663,-0.053296178579330444,0.06112761050462723,0.18393227458000183,0.23369896411895752,-9.79580307006836,-0.019161401316523552,0.0,0.14000000059604645,0.011778919026255608,-0.019820380955934525,-0.0637814924120903,0.1430311279909877,-1.5938960278974226,89.81543086977352,0.019161301897438494,-0.011842705967378261
95,6104637171000,0.01404663547873497,-0.004376503173261881,0.7054381966590881,0.708618700504303,0.16366326808929443,-0.007292897906154394,-0.08881265670061111,0.15930436551570892,0.09404364973306656,-10.209314346313477,-0.019161401316523552,0.0,0.14000000059604645,-0.03856467083096504,-0.008489477448165417,-0.07198157906532288,0.7871177305719556,-1.4910394837398337,89.73201798973287,0.019161191730414088,0.0385245424421953
96,6104671143000,0.01652435027062893,-0.002078405348584056,0.706526517868042,0.7074905633926392,-0.06330800801515579,0.044681161642074585,-0.02252012863755226,0.027526486665010452,-0.29766911268234253,-9.382254600524902,-0.019161401316523552,0.0,0.14000000059604645,-0.015899453312158585,-0.003507785266265273,-0.042263127863407135,1.1718844635868528,-1.5065190407815454,89.90646600118124,0.019161375784166223,0.01589370575274566
97,6104740100000,0.01145912241190672,-0.008392569608986378,0.7059705257415771,0.7080987691879272,-0.2648658752441406,0.01952737756073475,0.10492315888404846,0.17032577097415924,-0.6986779570579529,-9.517529487609863,-0.019161401316523552,0.0,0.14000000059604645,0.0032573470380157232,-0.010922137647867203,-0.09073977172374725,0.25097309422190667,-1.6082253473208687,89.82401173245258,0.019161310926791908,-0.0032908797812568956
98,6104774124000,0.00899270735681057,-0.0111044030636549,0.705278217792511,0.7087865471839905,0.040990088135004044,-0.023901160806417465,-0.033522672951221466,-0.22181175649166107,1.185135841369629,-10.915104866027832,-0.019161401316523552,0.0,0.12999999523162842,-0.007261678110808134,0.004156150389462709,-0.08407367765903473,-0.1671174802079439,-1.6289107842823316,89.7180718373232,0.019161169348537364,0.00728204076681011
99,6104845147000,0.014200925827026367,-0.004934107884764671,0.7068254351615906,0.7072282433509827,0.4923403263092041,-0.03171883150935173,-0.12374939024448395,0.13694675266742706,0.5480261445045471,-9.70235538482666,-0.019161401316523552,0.0,0.14000000059604645,0.006231291685253382,-0.025884605944156647,-0.05542606860399246,0.7515294257213513,-1.550282477575001,89.95718934737572,0.01916139596773188,-0.006250630581029051
100,6104879063000,0.021986601874232292,0.003387701464816928,0.7071288824081421,0.7067345380783081,0.5669617652893066,-0.021661613136529922,-0.08807512372732162,0.11395523697137833,-0.13337986171245575,-10.119518280029297,-0.019161401316523552,0.0,0.14000000059604645,-0.04265322908759117,-0.0019932936411350965,-0.04808143153786659,2.05626480610072,-1.5074147238652915,90.00490707034983,0.019161401246249245,0.04265339964586602
101,6104950025000,0.018572835251688957,-0.0054528554901480675,0.7049261331558228,0.7090165615081787,-0.08555331081151962,0.054071977734565735,0.1157432496547699,-0.4458383321762085,-0.9783106446266174,-9.832862854003906,-0.019161401316523552,0.0,0.14000000059604645,-0.023259732872247696,-0.019873574376106262,-0.05047392472624779,1.0691961775042087,-1.9436899452169152,89.65035842769375,0.019161044539574186,0.023138024105385364
102,6104985108000,0.015381828881800175,-0.007883879356086254,0.7046504616737366,0.7093440890312195,-0.5185182690620422,-0.011874733492732048,0.009128164499998093,0.5629580020904541,0.3634539544582367,-10.02128791809082,-0.019161401316523552,0.0,0.14000000059604645,-0.007963740266859531,-0.021347252652049065,-0.029443612322211266,0.6140533774982199,-1.8832153096046638,89.60953260108391,0.019160956357637433,0.00781807617898442
103,6105020018000,0.009696796536445618,-0.011414231732487679,0.705572247505188,0.708479642868042,0.026127494871616364,-0.02238418720662594,-0.0778818130493164,0.6849169731140137,1.1854188442230225,-9.54590129852295,-0.019161401316523552,0.0,0.14000000059604645,0.01683432050049305,-0.009444182738661766,-0.05061700940132141,-0.13568916014248755,-1.7109392409496433,89.76641769792134,0.019161242084184953,-0.0168726823573033
104,6105090056000,0.01496889814734459,-0.004355479497462511,0.7065045237541199,0.7075367569923401,0.2645135521888733,-0.0053136288188397884,0.05126533657312393,-0.29665514826774597,-0.10303734987974167,-9.262774467468262,-0.019161401316523552,0.0,0.14000000059604645,0.012312233448028564,0.0009821910643950105,-0.053842950612306595,0.8613810628694103,-1.5652010270701175,89.90458302695824,0.019161374745812525,-0.012310580693267247
105,6105125073000,0.015622078441083431,-0.0051685296930372715,0.7063288688659668,0.7076926231384277,-0.025860462337732315,0.04034372419118881,0.015589012764394283,-0.05526067689061165,-1.4655758142471313,-9.552289009094238,-0.019161401316523552,0.0,0.14000000059604645,0.006198653485625982,-0.008011956699192524,-0.07783275842666626,0.8489420857631613,-1.6838277555032564,89.87700647957934,0.019161357167987777,-0.006215837992374679
106,6105193085000,0.00626025814563036,-0.014195877127349377,0.7057645320892334,0.708276629447937,-0.5863099694252014,0.016082055866718292,0.012495074421167374,0.5489118695259094,0.045293934643268585,-9.655576705932617,-0.019161401316523552,0.0,0.14000000059604645,-0.031116707250475883,0.01244429126381874,-0.05903681367635727,-0.6402699184676939,-1.65870100390772,89.80569258028896,0.019161291129523434,0.03115873061165738
107,6105228820000,0.000438435934484005,-0.019343694671988487,0.705707848072052,0.7082387804985046,-0.06857660412788391,-0.0394817516207695,-0.02630407176911831,0.46980413794517517,1.5205928087234497,-9.44627571105957,-0.019161401316523552,0.0,0.14000000059604645,0.011416357941925526,0.014714859426021576,-0.05488186702132225,-1.5294882689854528,-1.605564627053389,89.81631655759017,0.019161302849308667,-0.011369125269925342
108,6105296066000,0.0020355640444904566,-0.014767924323678017,0.7069406509399414,0.707115650177002,0.3719656467437744,-0.07389936596155167,-0.07059317082166672,-0.26321810483932495,0.8239633440971375,-9.748327255249023,-0.019161401316523552,0.0,0.14000000059604645,-0.009623201563954353,0.020434411242604256,-0.08319582045078278,-1.0317476841843483,-1.361665547644265,89.99807943536855,0.019161401305758656,0.00962388652361567
109,6105330094000,0.005510326009243727,-0.012546993792057037,0.7069685459136963,0.707112193107605,-0.06475654244422913,-0.005855015013366938,0.034527670592069626,-0.09529156237840652,-1.067276954650879,-10.372160911560059,-0.019161401316523552,0.0,0.14000000059604645,-0.052748482674360275,-0.00790721271187067,-0.05380408093333244,-0.5701635905105716,-1.4632365568443078,89.99564035360171,0.019161401261054017,0.052747880860392324
110,6105399081000,-0.0016891815466806293,-0.018962319940328598,0.7057960033416748,0.7081592082977295,-0.6336036324501038,-0.015592051669955254,0.06114645674824715,0.04560696706175804,-0.0329790823161602,-9.031213760375977,-0.019161401316523552,0.0,0.14000000059604645,-0.03618382662534714,0.012536301277577877,-0.046693723648786545,-1.6714528022653667,-1.4022966679398863,89.82893493212197,0.019161315913282625,0.03622109428800281
111,6105433106000,-0.013995116576552391,-0.03036409802734852,0.70549076795578,0.7079300284385681,-0.5231562852859497,0.07268211990594864,-0.017324456945061684,0.1874690055847168,1.5056227445602417,-9.484871864318848,-0.019161401316523552,0.0,0.14000000059604645,-0.006718190852552652,-0.00965056847780943,-0.06831543147563934,-3.5933821051382275,-1.3319295693150217,89.84402225197539,0.01916133031346945,0.006691894004209878
112,6105470624000,-0.018332427367568016,-0.03525272011756897,0.7059184312820435,0.7071777582168579,-0.25224801898002625,0.04638125002384186,-0.05293400585651398,-0.012814700603485107,1.864896297454834,-9.407676696777344,-0.019161401316523552,0.0,0.14000000059604645,-0.017955724149942398,0.013954388909041882,-0.08938263356685638,-4.342674853112016,-1.373940156362017,89.94997363362958,0.019161394012706313,0.017967901227257888
113,6105539034000,-0.01285913772881031,-0.03126499429345131,0.7072615623474121,0.7061431407928467,0.4174247086048126,0.06325258314609528,0.03397252410650253,0.23398898541927338,0.04670862853527069,-10.29412841796875,-0.019161401316523552,0.0,0.14000000059604645,-0.027519838884472847,-0.00013751538062933832,-0.07442296296358109,-3.5779763443738997,-1.487885208826839,90.13715087311711,0.019161346419480505,0.027520089215638432
114,6105573019000,-0.007870886474847794,-0.027280336245894432,0.7064952850341797,0.7071479558944702,0.32138657569885254,0.010329067707061768,0.052628953009843826,-0.06265565752983093,-0.3193274140357971,-10.220924377441406,-0.028742102906107903,0.0,0.14000000059604645,-0.08149455487728119,-0.01622101292014122,-0.07009440660476685,-2.8486225835820562,-1.5735960747906033,89.98622216696242,0.02874210207510008,0.0814906518776412
115,6105644104000,-0.008179539814591408,-0.02769823558628559,0.705761194229126,0.7078608274459839,-0.2778179347515106,0.022490475326776505,0.03318922966718674,0.35876181721687317,0.384198933839798,-9.25859260559082,-0.028742102906107903,0.0,0.14000000059604645,-0.07573675364255905,0.009815717115998268,-0.0401412695646286,-2.9059149535626907,-1.5854270366390306,89.87001472668484,0.028742028940233352,0.07575882735274983
116,6105679168000,-0.011915832757949829,-0.03251766040921211,0.7056757211685181,0.7076880931854248,-0.1882919818162918,-0.025791024789214134,-0.0004979217192158103,-0.12922005355358124,1.0977168083190918,-9.843554496765137,-0.028742102906107903,0.0,0.14000000059604645,-0.06654685735702515,0.01639149896800518,-0.07078349590301514,-3.599741455518533,-1.673692644123449,89.88944051944668,0.0287420493960866,0.06657836292338885
117,6105750507000,-0.0135089922696352,-0.03207741677761078,0.7064220905303955,0.7069345712661743,0.20076090097427368,-0.04276835545897484,-0.04357333108782768,0.37274235486984253,0.8052815198898315,-9.716865539550781,-0.038322802633047104,0.0,0.14000000059604645,-0.07792922854423523,-0.001276784809306264,-0.07674869149923325,-3.6948474874321557,-1.5051708540155202,90.00700107907066,0.038322802346950985,0.07792938397519726
118,6105785144000,-0.011448136530816555,-0.029902318492531776,0.7065208554267883,0.7069675326347351,0.15250034630298615,-0.01896132342517376,-0.0030145125929266214,-0.05635957792401314,0.5307335257530212,-10.389631271362305,-0.038322802633047104,0.0,0.14000000059604645,-0.10139097273349762,0.00795703288167715,-0.058761753141880035,-3.351425745136942,-1.4957754790036604,90.0075493302662,0.038322802300388426,0.10138992342940326
119,6105819130000,-0.009721679612994194,-0.027401026338338852,0.705971360206604,0.7076433897018433,-0.20125260949134827,0.040568623691797256,0.025507686659693718,0.02420887164771557,0.38518282771110535,-8.920272827148438,-0.038322802633047104,0.0,0.14000000059604645,-0.10455074906349182,-0.003927214536815882,-0.024757731705904007,-3.0073527540884055,-1.4356303206033387,89.90214813710294,0.03832274674485093,0.10454388955176731
120,6105890064000,-0.014217081479728222,-0.03185103461146355,0.7058199644088745,0.7075320482254028,-0.10430633276700974,0.035467445850372314,0.0207193735986948,0.2240612506866455,0.9198629856109619,-8.681760787963867,-0.047903500497341156,0.0,0.14000000059604645,-0.06883320957422256,0.004926226567476988,-0.08685535192489624,-3.7326305744975583,-1.4326500398251993,89.9078731208266,0.04790343857254078,0.06884104155547016
121,6105925208000,-0.014007478952407837,-0.03157219663262367,0.7059863805770874,0.7073825597763062,0.1083291545510292,-0.04236351326107979,-0.03378728777170181,-0.014583537355065346,0.9579994082450867,-10.140646934509277,-0.047903500497341156,0.0,0.14000000059604645,-0.07373322546482086,0.009883114136755466,-0.09355590492486954,-3.693341523093538,-1.4261857712497519,89.93278712293908,0.04790346753660433,0.07374476847176151
122,6105993095000,-0.008610858581960201,-0.030288970097899437,0.7066272497177124,0.7068849802017212,0.16703815758228302,0.0017954177455976605,0.019506586715579033,0.13282762467861176,0.13117410242557526,-10.086017608642578,-0.047903500497341156,0.0,0.14000000059604645,-0.08075869083404541,-0.01733342558145523,-0.06557361781597137,-3.153182581543941,-1.7565226134529242,90.02745584043448,0.04790349499735665,0.08076698764916858
123,6106031066000,-0.007166409399360418,-0.02896847017109394,0.7061486840248108,0.7074344754219055,0.09316658973693848,0.0038941071834415197,0.010430293157696724,0.564806342124939,0.24622255563735962,-10.275663375854492,-0.057484205812215805,0.0,0.14000000059604645,-0.12451186031103134,-0.00909391324967146,-0.05292223393917084,-2.9277107182280613,-1.768743049451506,89.94097106666149,0.05748417530496252,0.12450242523618955
124,6106100058000,-0.005075754132121801,-0.026217438280582428,0.7058973908424377,0.7078104615211487,0.02803162857890129,-0.006982884835451841,-0.02068733423948288,0.49515002965927124,0.9597424864768982,-9.504430770874023,-0.057484205812215805,0.0,0.14000000059604645,-0.0993804931640625,0.0047804187051951885,-0.0262194462120533,-2.5343784230004256,-1.7161525603224956,89.88289598402798,0.057484085747139264,0.0993900560468589
125,6106134159000,-0.00482981838285923,-0.026303628459572792,0.7068150639533997,0.7068926692008972,0.02803162857890129,-0.006982884835451841,-0.02068733423948288,0.49515002965927124,0.9597424864768982,-9.504430770874023,-0.06706490367650986,0.0,0.14000000059604645,-0.08304664492607117,0.005728242453187704,-0.05455521121621132,-2.5236766785054043,-1.7397733830805906,90.03203409052261,0.06706489319449357,0.08304342928395515
126,6106171115000,-0.00455810409039259,-0.02602684311568737,0.7071452140808105,0.7065744400024414,0.023250801488757133,0.012214223854243755,0.028336843475699425,-0.08257400989532471,0.42660626769065857,-10.100930213928223,-0.06706490367650986,0.0,0.14000000059604645,-0.09664498269557953,0.009574806317687035,-0.07436206191778183,-2.480003249167889,-1.7382379746838441,90.08389300331157,0.0670648317860186,0.09663085958281262
127,6106240084000,-0.003742051776498556,-0.0268561914563179,0.7056103348731995,0.708081066608429,-0.024803902953863144,-0.02106330543756485,0.03165074437856674,0.48378559947013855,0.9296088218688965,-9.568720817565918,-0.07664560526609421,0.0,0.14000000059604645,-0.11096680164337158,-0.01669008657336235,-0.03629407659173012,-2.4772415920536126,-1.8768790344849908,89.84031099084834,0.07664530757779221,0.11091985378979798
128,6106274076000,-0.0053434595465660095,-0.025476617738604546,0.7055942416191101,0.7081376910209656,0.056670181453228,-0.066936194896698,-0.06980423629283905,0.5530772805213928,0.9510937929153442,-9.364526748657227,-0.07664560526609421,0.0,0.14000000059604645,-0.09828155487775803,-0.0038144714199006557,-0.053435325622558594,-2.495324594994047,-1.6355171413170708,89.82946096844236,0.07664526575086325,0.09826976588842828
129,6106344108000,-0.002385741099715233,-0.021499304100871086,0.7069432139396667,0.7069395184516907,0.22064800560474396,-0.014819541946053505,0.030221328139305115,-0.12681202590465546,0.7799396514892578,-9.651753425598145,-0.08622629940509796,0.0,0.14000000059604645,-0.07463626563549042,0.018519194796681404,-0.05482962355017662,-1.935995044493082,-1.5485637478328933,90.02646617968513,0.08622629020596294,0.0746277032501003
130,6106379152000,-0.0007287549087777734,-0.020301232114434242,0.7066221237182617,0.7072994709014893,0.31061089038848877,0.0503588542342186,0.02933657541871071,-0.19103148579597473,0.2398587465286255,-10.230978965759277,-0.08622629940509796,0.0,0.14000000059604645,-0.07617736607789993,-0.011740489862859249,-0.06928868591785431,-1.7038204224590152,-1.586619298596117,89.96869838018357,0.0862262865374817,0.07617094068891359
131,6106449007000,0.008532560430467129,-0.013246756978332996,0.7064566016197205,0.7075808644294739,0.10019595175981522,0.05958219990134239,-0.007706488016992807,0.32123804092407227,0.29567450284957886,-9.199929237365723,-0.09580700099468231,0.0,0.14000000059604645,-0.078240305185318,0.007055611349642277,-0.02641894668340683,-0.3807171268567473,-1.7651080375825376,89.91475623241791,0.09580689496018596,0.07825071581748445
132,6106482048000,0.008807829581201077,-0.014440148137509823,0.7066831588745117,0.7073279619216919,0.039203379303216934,0.05112805962562561,0.017671922221779823,0.05662990361452103,0.011089066974818707,-9.620461463928223,-0.09580700099468231,0.0,0.14000000059604645,-0.061096929013729095,-0.0013155803317204118,-0.05324914678931236,-0.45570506585023807,-1.884025904931131,89.95523818545446,0.09580697175737785,0.06109588258360859
133,6106551200000,0.00960453413426876,-0.01391701027750969,0.7055287957191467,0.7084794640541077,-0.018426986411213875,0.0030198919121176004,0.014872299507260323,0.8950271010398865,0.32844772934913635,-9.816021919250488,-0.09580700099468231,0.0,0.14000000059604645,-0.07680969685316086,0.006707234773784876,-0.03512909263372421,-0.3455994960278866,-1.906719094261249,89.76662856643917,0.09580620626986905,0.07683637887384312
134,6106586016000,0.010210276581346989,-0.012176929973065853,0.7055519223213196,0.7084799408912659,0.2520381808280945,-0.04410204663872719,-0.011985396035015583,0.4167391061782837,0.8119096755981445,-8.663529396057129,-0.10538770258426666,0.0,0.14000000059604645,-0.04168300703167915,0.005706514231860638,-0.020983735099434853,-0.15565694386108755,-1.8144014020078922,89.76518181586454,0.10538681751447236,0.041706044198083596
135,6106620107000,0.012456229887902737,-0.008233723230659962,0.7068474888801575,0.7072084546089172,0.11419259011745453,0.003790823742747307,-0.032866254448890686,-0.12899942696094513,-0.7320647835731506,-10.36746883392334,-0.10538770258426666,0.0,0.14000000059604645,-0.03954420983791351,0.013269856572151184,-0.0861935168504715,0.34268169688673,-1.6764400233152383,89.9657345375257,0.10538768373789031,0.03955213873901945
136,6106690123000,0.014571006409823895,-0.00696196174249053,0.7059823870658875,0.7080453038215637,-0.019772041589021683,-0.003542057704180479,0.02510395087301731,0.3001335561275482,0.033874500542879105,-10.575531005859375,-0.10538770258426666,0.0,0.14000000059604645,-0.048902012407779694,-0.0006438575219362974,-0.02305418998003006,0.6193121855465915,-1.7439238910071215,89.82339727295685,0.10538720196317389,0.04889979555124066
137,6106724082000,0.012877902947366238,-0.009062017314136028,0.7057242393493652,0.7083115577697754,-0.12523964047431946,0.015831822529435158,-0.026743216440081596,-0.0022148003336042166,0.28764960169792175,-9.07119083404541,-0.10538770258426666,0.0,0.14999999105930328,-0.02047591842710972,0.001926486031152308,-0.0562305673956871,0.3125608598968777,-1.777254121757973,89.78547937590301,0.1053869639111852,0.02048298783187523
138,6106793060000,0.013825454749166965,-0.011432518251240253,0.7071488499641418,0.7068371176719666,0.2054864764213562,0.024506863206624985,-0.1257886439561844,0.0898585096001625,1.2220492362976074,-10.48747444152832,-0.11496841162443161,0.0,0.14000000059604645,-0.027463307604193687,-0.006409954279661179,-0.07929342240095139,0.19353747646650304,-2.0467634215087838,90.02180603807969,0.11496840329804067,0.027465745161455023
139,6106829079000,0.017245827242732048,-0.006468561477959156,0.7068763971328735,0.7070972919464111,0.15585772693157196,0.011855624616146088,0.07572592049837112,0.5943292379379272,-0.03993052616715431,-8.856532096862793,-0.11496841162443161,0.0,0.14000000059604645,-0.028562145307660103,-0.014640413224697113,-0.04059723764657974,0.8739425366841861,-1.921438245316645,89.96744252105006,0.11496839306328521,0.02855382149868175
140,6106898070000,0.01639275997877121,-0.004695471376180649,0.7063320875167847,0.7076752185821533,-0.019155504181981087,-0.09922203421592712,0.05016659200191498,-0.0761304721236229,-0.44836553931236267,-9.528168678283691,-0.11496841162443161,0.0,0.14000000059604645,-0.003020587610080838,0.009274359792470932,-0.11873703449964523,0.9497633786346809,-1.70785058933762,89.87699584141416,0.11496814668738355,0.0030404910852565594
141,6106933034000,0.014767352491617203,-0.00673792464658618,0.7066152095794678,0.7074117660522461,-0.18017584085464478,-0.10251862555742264,-0.06258872896432877,0.3756360709667206,0.7623556852340698,-10.409889221191406,-0.11496841162443161,0.0,0.14000000059604645,-0.02823338657617569,-0.00210742000490427,-0.10021299868822098,0.6518232998158587,-1.7422118840537766,89.92553676419043,0.11496831453163311,0.028230623869979102
142,6106969593000,0.011730585247278214,-0.006262168288230896,0.7066961526870728,0.7073922157287598,0.04637138918042183,-0.027260923758149147,0.04227073863148689,0.38837069272994995,0.9730356931686401,-9.180078506469727,-0.12454910576343536,0.0,0.14000000059604645,0.011503070592880249,-0.008657618425786495,-0.07472149282693863,0.44392390450672947,-1.4577353429273086,89.9379465376466,0.12454903271728249,-0.011512440367752657
143,6107037066000,0.0149688096717,-0.0017919848905876279,0.7065548896789551,0.7074975967407227,0.248052179813385,0.012618542648851871,-0.05480159446597099,-0.3689006268978119,0.3174181878566742,-9.900952339172363,-0.12454910576343536,0.0,0.14000000059604645,0.015255970880389214,0.023489009588956833,-0.12688614428043365,1.068843590071137,-1.3573621544622987,89.91094355458652,0.12454895531212334,-0.015219442836548035
144,6107073107000,0.0188760906457901,9.748424781719223e-05,0.7077056169509888,0.7062551975250244,0.2096286118030548,-0.010948393493890762,-0.04347088932991028,-0.22658850252628326,-0.36159780621528625,-10.296628952026367,-0.12454910576343536,0.0,0.12999999523162842,0.03031841292977333,0.0038768588565289974,-0.1103506088256836,1.5362912476065067,-1.5230859699601242,90.09712429404819,0.12454892681784555,-0.030324941180268038
145,6107143140000,0.021155284717679024,0.003572565270587802,0.7063806056976318,0.7075070142745972,0.0139925517141819,0.02219764143228531,0.08969441056251526,0.18487314879894257,-0.032650675624608994,-9.235489845275879,-0.12454910576343536,0.0,0.12999999523162842,0.018151642754673958,-0.019178632646799088,-0.048969388008117676,2.0053603518037457,-1.422922770639831,89.88380274612348,0.12454884963550916,-0.018190500140214002
146,6107177085000,0.020765874534845352,0.003695113118737936,0.7062682509422302,0.7076299786567688,0.013567443937063217,0.0662195086479187,-0.010292341001331806,-0.009925556369125843,-0.12692683935165405,-9.782984733581543,-0.12454910576343536,0.0,0.12999999523162842,0.04760010913014412,-0.006805896759033203,-0.07726634293794632,1.9838991449120458,-1.3811346381628677,89.86572187935752,0.12454876372440789,-0.04761592866303802
147,6107246094000,0.022006042301654816,0.0020561963319778442,0.707534909248352,0.7063325643539429,0.07622909545898438,0.10469596087932587,-0.04855557531118393,-0.08998514711856842,-0.19504371285438538,-11.101616859436035,-0.12454910576343536,0.0,0.12999999523162842,0.0321977324783802,-0.012877251021564007,-0.07350518554449081,1.94902798671108,-1.6179828056640975,90.06992408232685,0.12454901301238205,-0.032181993037306365
148,6107281062000,0.024061070755124092,0.0018668106058612466,0.7071017622947693,0.706699788570404,-0.14993137121200562,-0.00967323686927557,0.040245816111564636,0.8746882081031799,-0.2599134147167206,-9.532445907592773,-0.12454910576343536,0.0,0.12999999523162842,0.016566123813390732,-0.012941041961312294,-0.027239540591835976,2.1012796386853525,-1.798735740125665,89.999590759782,0.12454910576025834,-0.016566216245515172
149,6107350453000,0.019022369757294655,-0.0014721279731020331,0.7067311406135559,0.7072249054908752,-0.12538836896419525,-0.09040818363428116,-0.0008392042363993824,0.338802695274353,0.4575292468070984,-9.021475791931152,-0.12454910576343536,0.0,0.12999999523162842,0.07185448706150055,0.012623795308172703,-0.06989642977714539,1.4231336509033345,-1.6600711393038279,89.93936447210409,0.12454903601738188,-0.07184108719495941
150,6107384223000,0.017838170751929283,-0.001389877637848258,0.7072018384933472,0.7067852020263672,0.07236813008785248,-0.04181394726037979,-0.051344115287065506,-0.06494568288326263,0.18971110880374908,-9.729113578796387,-0.12454910576343536,0.0,0.12999999523162842,0.07396119832992554,-0.0007829351234249771,-0.06783277541399002,1.3327207013452838,-1.5583546928846284,90.01563893878412,0.1245491011238421,-0.07396098187188699
151,6107419090000,0.017929742112755775,-0.0004309420473873615,0.7075468301773071,0.7064387798309326,0.10357064753770828,0.03913139924407005,0.02006443403661251,0.11031327396631241,-0.09642810374498367,-10.255191802978516,-0.12454910576343536,0.0,0.12999999523162842,0.0588962621986866,-0.008757900446653366,-0.06940436363220215,1.4171296776054905,-1.4887768847568368,90.07138471368988,0.12454900909699175,-0.058885305037098476
152,6107488393000,0.022453954443335533,0.002519007073715329,0.7067870497703552,0.7070654034614563,-0.003560893703252077,0.09993142634630203,0.005091655999422073,0.19809818267822266,-0.23461739718914032,-9.521248817443848,-0.11496841162443161,0.0,0.12999999523162842,0.03925873339176178,-0.003715689294040203,-0.014175564050674438,2.02454719281706,-1.6147013375278525,89.94890706245425,0.11496836591298266,-0.03926203121076153
153,6107522104000,0.021946780383586884,0.001590408501215279,0.7068744897842407,0.7069966793060303,-0.14202363789081573,-0.0022792862728238106,0.011680509895086288,0.4095843732357025,0.1670326590538025,-9.753081321716309,-0.11496841162443161,0.0,0.12999999523162842,0.04809713736176491,0.0055101108737289906,-0.029471710324287415,1.9080058096294858,-1.6491091289837283,89.96263386137247,0.11496838717551064,-0.04809353364804971
154,6107590013000,0.020077312365174294,-0.004115017130970955,0.7067497968673706,0.7071665525436401,-0.03654967620968819,-0.0110190873965621,0.005164380185306072,0.09638607501983643,0.12236054986715317,-10.37412166595459,-0.11496841162443161,0.0,0.14000000059604645,0.06597276031970978,-0.008682673797011375,-0.021709023043513298,1.2945737575036567,-1.95985676010279,89.94407966269655,0.11496835686703384,-0.06598120313429012
155,6107624019000,0.01988355815410614,-0.003919667098671198,0.7068833112716675,0.7070397138595581,0.10242445766925812,0.030105026438832283,-0.040782179683446884,0.4422164559364319,0.04000876098871231,-9.929012298583984,-0.11496841162443161,0.0,0.14000000059604645,0.06819473952054977,-0.01924225129187107,-0.007381980773061514,1.2943205152180943,-1.9285639470391573,89.96553807182768,0.11496839082830736,-0.06820630090044066
156,6107693118000,0.022400589659810066,0.0012748048175126314,0.7070413827896118,0.7068160772323608,0.12211568653583527,-0.013062835671007633,0.01891542598605156,0.48427799344062805,-0.04439382627606392,-9.013744354248047,-0.10538770258426666,0.0,0.14000000059604645,0.06180334836244583,0.004106453154236078,0.0034141603391617537,1.9188403403105598,-1.7119194666778192,89.98958978874619,0.1053877008447293,-0.06180260123073467
157,6107730154000,0.02121875062584877,-0.0007291835499927402,0.7068456411361694,0.7070491313934326,-0.2512870132923126,-0.035416699945926666,0.004697881173342466,0.09628596901893616,-0.9229875802993774,-10.275932312011719,-0.10538770258426666,0.0,0.14000000059604645,0.04610712081193924,0.006190510932356119,-0.03159055486321449,1.661152292951151,-1.7780530880808612,89.9577287340479,0.10538767390254838,-0.04610254107370421
158,6107798084000,0.012551744468510151,-0.007607365492731333,0.7062392234802246,0.7078210115432739,-0.5018947124481201,-0.03479647636413574,-0.0008833023020997643,0.1238204836845398,0.3651385009288788,-10.272689819335938,-0.10538770258426666,0.0,0.14999999105930328,0.048812106251716614,-0.013374382629990578,0.03906404972076416,0.4025859242860519,-1.6330579561599297,89.86607857977185,0.10538741470222661,-0.04884323376279945
159,6107833069000,0.007745709735900164,-0.011361237615346909,0.7062382698059082,0.7078406810760498,-0.2172238826751709,0.03031744994223118,0.02474144473671913,0.3922377824783325,1.2926992177963257,-9.164402961730957,-0.10538770258426666,0.0,0.14999999105930328,0.08582594245672226,-0.01013236865401268,0.024527359753847122,-0.2912862070401705,-1.5485797994824153,89.87408342764452,0.10538744808866098,-0.08584800267076731
160,6107903078000,0.014050943776965141,-0.007466357201337814,0.7072316408157349,0.7068028450012207,0.32861563563346863,0.03254292905330658,-0.05464933067560196,-0.40153610706329346,0.9349697828292847,-9.920754432678223,-0.10538770258426666,0.0,0.14999999105930328,0.07130764424800873,0.005890782922506332,0.006092647090554237,0.5331973481196167,-1.74372405006577,90.0266347913855,0.10538769119716317,-0.07131037496080078
161,6107939052000,0.01971806213259697,-0.005806268192827702,0.7077481746673584,0.7061656713485718,0.3456367552280426,0.12267017364501953,-0.03380934149026871,0.1190473735332489,-1.1362526416778564,-9.392898559570312,-0.09580700099468231,0.0,0.14999999105930328,0.04784248769283295,-0.02446614019572735,-0.0033599892631173134,1.125504619093476,-2.069470515450107,90.10792599194828,0.09580683102402464,-0.047796316857745984
162,6107973119000,0.019895128905773163,-0.005013789050281048,0.7069838643074036,0.7069318890571594,-0.25922903418540955,-0.02332494594156742,0.08097764104604721,0.5610792636871338,-0.47195950150489807,-8.08607006072998,-0.09580700099468231,0.0,0.1599999964237213,0.03003539890050888,-0.0034153468441218138,-0.02198563516139984,1.2063217594391913,-2.0183685217541356,89.98296172505415,0.09580699675851381,-0.030036413207800365
163,6108043030000,0.013180173002183437,-0.011720960028469563,0.7060067653656006,0.7079852819442749,-0.2933405935764313,-0.09167353808879852,0.01349356397986412,0.5499168634414673,0.21655842661857605,-9.756333351135254,-0.09580700099468231,0.0,0.14999999105930328,0.024405527859926224,0.009481417946517467,-0.08422411978244781,0.12111728223935836,-2.0176365664721603,89.83752606395917,0.09580661579218176,-0.024378543265336932
164,6108149901000,0.011629724875092506,-0.008196189999580383,0.7073093056678772,0.7067610621452332,0.11106448620557785,-0.004278795327991247,0.043163951486349106,-0.6706274747848511,-0.4328497052192688,-10.311483383178711,-0.09580700099468231,0.0,0.14999999105930328,0.042595766484737396,-0.019478144124150276,-0.07896359264850616,0.2776733519298036,-1.6066191172329054,90.04053447596338,0.09580697701899352,-0.04258197581717199
165,6108184119000,0.012009112164378166,-0.008236652240157127,0.7067070603370667,0.7073563933372498,-0.01852085255086422,0.040813837200403214,0.016363123431801796,0.40225255489349365,-0.038278814405202866,-9.615599632263184,-0.08622629940509796,0.0,0.14999999105930328,0.012752441689372063,-0.030256938189268112,-0.062131475657224655,0.30652451033429706,-1.640392903583969,89.94299171193204,0.08622625672352163,-0.012782540490800461
166,6108219037000,0.011417331174015999,-0.007876869291067123,0.706599771976471,0.7074775099754333,-0.01734847016632557,0.022362608462572098,-0.004486303776502609,0.21436826884746552,-0.0634140893816948,-10.056427955627441,-0.08622629940509796,0.0,0.14999999105930328,0.03239614516496658,-0.008652609772980213,-0.07066982239484787,0.2879292313281452,-1.5632446448424206,89.92494324023829,0.08622622542003483,-0.03240745217611263
167,6108290116000,0.012094007804989815,-0.009599409997463226,0.7068192958831787,0.7072255611419678,0.06621931493282318,-0.054744865745306015,-0.02318061888217926,0.6600560545921326,0.2670361399650574,-10.535441398620605,-0.08622629940509796,0.0,0.14999999105930328,0.014873998239636421,-0.010935455560684204,-0.03508278355002403,0.20271011811470216,-1.7577925246517914,89.9639672756393,0.08622628235375177,-0.014880872492965914
168,6108324098000,0.011486667208373547,-0.008102853782474995,0.7066752910614014,0.7073982954025269,-0.1121845692396164,-0.036217737942934036,0.029990099370479584,0.21405620872974396,-0.04103575274348259,-9.225262641906738,-0.08622629940509796,0.0,0.14999999105930328,0.01556969340890646,-0.004059573635458946,-0.02364669181406498,0.2750761996687751,-1.5872147340467058,89.93759992320943,0.08622624826816314,-0.015574105402382086
169,6108394138000,0.008970093913376331,-0.01181392464786768,0.7066147327423096,0.7074429988861084,-0.0797991156578064,-0.002597338752821088,-0.004280709195882082,-0.25081396102905273,0.01910930871963501,-10.304858207702637,-0.08622629940509796,0.0,0.14999999105930328,0.0034104243386536837,-0.005733329802751541,-0.0601205974817276,-0.22951930215052,-1.6842891348232574,89.93625324166462,0.08622624603713182,-0.003416801076635803
170,6108429364000,0.006257385015487671,-0.010925959795713425,0.7068282961845398,0.7072730660438538,-0.08506951481103897,-0.0022890730760991573,-0.03823143243789673,0.5487316846847534,0.3294758200645447,-8.558239936828613,-0.08622629940509796,0.0,0.14999999105930328,0.017034854739904404,-0.020640378817915916,-0.031599365174770355,-0.3779339249506796,-1.3924857493371345,89.96855091514169,0.08622628641595487,-0.017046181472331706
171,6108498039000,0.005300614517182112,-0.012203076854348183,0.7074571251869202,0.7066310048103333,-0.059399064630270004,-0.024061957374215126,0.02263106033205986,0.0826556459069252,0.4214720129966736,-9.637389183044434,-0.08622629940509796,0.0,0.14999999105930328,0.017513956874608994,0.016406627371907234,-0.10438007861375809,-0.5602553595346602,-1.4179895796938125,90.07387837224583,0.0862262277249219,-0.0175350973566185
172,6108533045000,0.003328183898702264,-0.0140144731849432,0.7070316672325134,0.7070351243019104,-0.03527075797319412,0.011747647076845169,-0.011368106119334698,0.42801377177238464,0.29310378432273865,-10.006021499633789,-0.07664560526609421,0.0,0.14999999105930328,0.010602595284581184,-0.024720709770917892,-0.08527973294258118,-0.8660938693548874,-1.4052461996422114,90.01034156858026,0.0766456040176049,-0.010598133161688172
173,6108569163000,0.00414988724514842,-0.012355095706880093,0.7069937586784363,0.7070996165275574,0.05780012533068657,0.057479508221149445,-0.022831473499536514,0.06240611895918846,0.9481922388076782,-9.945863723754883,-0.08622629940509796,0.0,0.14999999105930328,-0.01817239448428154,-0.002908372785896063,-0.07143837958574295,-0.6648949776506842,-1.3374311692947132,89.99918239231319,0.08622629939631878,0.01817235298010834
174,6108637034000,0.007555278483778238,-0.012746660970151424,0.7074888348579407,0.7065691351890564,0.11381541192531586,0.0756056159734726,0.04026838764548302,0.001075267675332725,-0.3311931788921356,-10.225509643554688,-0.07664560526609421,0.0,0.14999999105930328,0.017446350306272507,-0.009662690572440624,-0.08188654482364655,-0.4218509436088015,-1.644806496848576,90.08058558660771,0.07664552945606407,-0.017432742636690864
175,6108671025000,0.007569942623376846,-0.013459866866469383,0.7067910432815552,0.7072536945343018,-0.15735922753810883,0.009225181303918362,-0.0007649906328879297,0.7643750309944153,-0.2972375750541687,-10.316685676574707,-0.07664560526609421,0.0,0.14000000059604645,-0.026080552488565445,-0.0195724256336689,-0.06100986897945404,-0.4768536144782393,-1.7042175193531637,89.96959998328154,0.07664559447762982,0.026070164072895988
176,6108739040000,0.005249775946140289,-0.015943991020321846,0.7067065834999084,0.7073076367378235,-0.21291425824165344,0.033784493803977966,0.002730723237618804,0.6512218713760376,0.4451155662536621,-9.942915916442871,-0.07664560526609421,0.0,0.14999999105930328,-0.0011989530175924301,0.016600944101810455,-0.027393603697419167,-0.8661059551825729,-1.717681881688182,89.96427451705135,0.07664559036671408,0.0012093039257784057
177,6108773124000,0.0016289413906633854,-0.018882714211940765,0.7072344422340393,0.7067250609397888,0.09040552377700806,-0.05209152773022652,-0.025099292397499084,0.34751564264297485,0.6421319246292114,-9.694635391235352,-0.07664560526609421,0.0,0.14999999105930328,0.014611403457820415,0.0029576621018350124,-0.07164297252893448,-1.399121355108899,-1.661458610132823,90.06157003682065,0.07664556101227242,-0.014614573324131562
178,6108844210000,0.003879805328324437,-0.013722854666411877,0.7069277763366699,0.7071419954299927,0.10673181712627411,-0.0733596608042717,-0.008230957202613354,0.10039839893579483,-0.02024099789559841,-10.079855918884277,-0.07664560526609421,0.0,0.14999999105930328,-0.03813989460468292,-0.0022567701525986195,-0.043511077761650085,-0.7975429242658095,-1.4264396464725755,89.99256890474963,0.0766456046214536,0.03813960158740472
179,6108879169000,0.0018301738891750574,-0.013958331197500229,0.7069751620292664,0.7070981860160828,-0.22889062762260437,0.016835426911711693,0.05449150502681732,-0.21422068774700165,-0.39438775181770325,-9.418048858642578,-0.07664560526609421,0.0,0.14999999105930328,-0.011507833376526833,0.005993908736854792,-0.04360925033688545,-0.9828105683812438,-1.2793834663915533,90.00100410296909,0.07664560525432441,0.011507728332091438
180,6108914109000,-0.0019430971005931497,-0.01928018592298031,0.7065214514732361,0.7074262499809265,-0.2450784146785736,-0.046519726514816284,0.0025306774768978357,-0.2522715926170349,0.6750959753990173,-10.637007713317871,-0.07664560526609421,0.0,0.14000000059604645,-0.034117139875888824,0.008566899225115776,-0.09101033955812454,-1.7192434848273077,-1.4057749953299525,89.94776559336164,0.07664557341493089,0.03412493581667318
181,6108984111000,-0.004436691757291555,-0.02181185968220234,0.7064588665962219,0.7074039578437805,0.05123741924762726,-0.019739944487810135,-0.04319573566317558,1.2007501125335693,0.9279747009277344,-10.004570007324219,-0.07664560526609421,0.0,0.14000000059604645,-0.024983208626508713,-0.021993594244122505,-0.051457084715366364,-2.1265428435539464,-1.409097568209636,89.94955548893529,0.07664557556039334,0.02496383528422035
182,6109052112000,-0.0002623312175273895,-0.019533654674887657,0.7076218724250793,0.7063211798667908,0.11701784282922745,0.08793675899505615,-0.015063852071762085,-0.40640509128570557,0.5934191942214966,-9.193252563476562,-0.07664560526609421,0.0,0.14000000059604645,-0.012203075923025608,0.0031509448308497667,-0.07305023074150085,-1.6059732415582142,-1.5599446405019168,90.12727829180024,0.07664541615348132,0.012196046230916791
183,6109086094000,-0.0004332909593358636,-0.0192499291151762,0.707419753074646,0.7065314054489136,0.04332127422094345,0.0061438484117388725,0.01815289817750454,0.20640088617801666,0.03713083267211914,-10.868045806884766,-0.07664560526609421,0.0,0.14000000059604645,-0.03224904462695122,-0.008055519312620163,-0.08557574450969696,-1.5963336565917365,-1.523578046854913,90.09322183616487,0.0766455038172257,0.032262108491300956
184,6109120047000,0.0010730479843914509,-0.018246494233608246,0.7064386010169983,0.7075381875038147,-0.16045856475830078,0.08165404945611954,0.01973484456539154,0.17982642352581024,0.7261514663696289,-8.90331745147705,-0.07664560526609421,0.0,0.14000000059604645,-0.06054709479212761,-0.0009829868795350194,-0.021493542939424515,-1.3907443288459498,-1.5664481202399494,89.9299006575366,0.07664554790204073,0.06054584682763737
185,6109189621000,-0.0009837783873081207,-0.022572621703147888,0.7068595886230469,0.7069928646087646,0.017484718933701515,-0.0027321085799485445,-0.005389620084315538,0.3457869291305542,0.31889522075653076,-9.312156677246094,-0.07664560526609421,0.0,0.14000000059604645,-0.025110948830842972,0.017321066930890083,-0.09442929923534393,-1.9093300454143085,-1.7493160880214453,90.01835024285727,0.07664560133516134,0.025105400087612292
186,6109223054000,0.00014243485929910094,-0.022221513092517853,0.7069605588912964,0.7069038152694702,0.13270916044712067,-0.03337574377655983,-0.019712379202246666,0.3388514220714569,0.7872207760810852,-10.647027969360352,-0.07664560526609421,0.0,0.14000000059604645,-0.0338786356151104,0.013401227071881294,-0.08634413033723831,-1.7898506197941255,-1.8118991226088543,90.032904409252,0.07664559262687687,0.033870933834342885
187,6109292033000,0.0004937217454425991,-0.016587570309638977,0.7063291668891907,0.7076888680458069,0.023325346410274506,-0.04390077292919159,0.02143307402729988,0.18093866109848022,0.38701626658439636,-8.708069801330566,-0.07664560526609421,0.0,0.14000000059604645,-0.02874760515987873,0.007255858276039362,-0.06206765025854111,-1.3030422396056143,-1.3852685773392195,89.90556389364349,0.07664550115714942,0.028759525364036045
188,6109326176000,7.72865823819302e-05,-0.016506751999258995,0.7066594958305359,0.7073611617088318,-0.039120227098464966,-0.014319166541099548,-0.01551324874162674,-0.28553667664527893,0.051048096269369125,-10.007156372070312,-0.07664560526609421,0.0,0.14000000059604645,-0.02483854629099369,0.01641629822552204,-0.09591730684041977,-1.3308921911543368,-1.344379897877792,89.95875268640151,0.07664558540499337,0.024850357970150803
189,6109396147000,-9.95551745290868e-05,-0.01816900074481964,0.7067145109176636,0.7072654962539673,0.04921999201178551,0.03486957773566246,0.012444091960787773,0.0779004916548729,0.4229672849178314,-10.133183479309082,-0.07664560526609421,0.0,0.14000000059604645,-0.029015453532338142,-0.02861335501074791,-0.03692970797419548,-1.4801063211739802,-1.4646339215244075,89.97426695745581,0.07664559753583126,0.029002599595543258
190,6109430103000,0.001255759154446423,-0.016125880181789398,0.7062413692474365,0.7077864408493042,0.028081409633159637,0.035107631236314774,0.01961516961455345,0.6153806447982788,0.6797351241111755,-9.260981559753418,-0.07664560526609421,0.0,0.14000000059604645,-0.042222682386636734,0.005114104598760605,-0.07206039875745773,-1.2036587740964517,-1.409681040842127,89.88959726452448,0.07664546297702723,0.04223245831939426
191,6109499092000,0.0034497457090765238,-0.017490573227405548,0.7071612477302551,0.7068274617195129,0.03187091648578644,0.003341399598866701,0.017172520980238914,0.3392302393913269,1.0227991342544556,-9.959131240844727,-0.07664560526609421,0.0,0.14000000059604645,0.004359154030680656,0.005926547572016716,-0.058815427124500275,-1.1385003422637223,-1.696471691172708,90.04390719345793,0.07664558276087059,-0.0043636944123789
192,6109534097000,0.0032278993166983128,-0.01748865842819214,0.7072453498840332,0.7067444324493408,0.10766934603452682,0.0032224808819592,-0.016151731833815575,0.2758001983165741,0.11276833713054657,-9.59842300415039,-0.07664560526609421,0.0,0.12999999523162842,-0.018643049523234367,-0.019945379346609116,-0.06803138554096222,-1.1565138089484435,-1.6781960641325049,90.0575339522495,0.07664556662402461,0.018663068410949075
193,6109570543000,0.006551866419613361,-0.013620861805975437,0.70615154504776,0.7078993916511536,0.17012296617031097,-0.02753896825015545,0.03887459635734558,0.4845181107521057,1.0147559642791748,-9.413597106933594,-0.07664560526609421,0.0,0.12999999523162842,-0.02942626178264618,0.012044781818985939,-0.05629672855138779,-0.5709457958302373,-1.6353072295918087,89.86650689485823,0.07664539723441649,0.02945424495589144
194,6109639117000,0.009972194209694862,-0.01130552589893341,0.707322895526886,0.7067298293113708,0.09755942970514297,-0.003302697790786624,-0.06444913893938065,0.08571381866931915,-0.2995278239250183,-9.661231994628906,-0.07664560526609421,0.0,0.12999999523162842,0.015156793408095837,0.0034248591400682926,-0.08467726409435272,-0.10879787977693622,-1.7241198899450905,90.0496977836948,0.07664557643334771,-0.015159758394420943
195,6109674197000,0.009181641042232513,-0.010616600513458252,0.7074106335639954,0.7066633105278015,-0.10004382580518723,-0.002920088591054082,0.020060759037733078,0.35362425446510315,-0.21397578716278076,-9.794215202331543,-0.07664560526609421,0.0,0.12999999523162842,-0.012833984568715096,-0.016133788973093033,-0.06692057102918625,-0.11715483576090031,-1.6042111967835633,90.06220061746897,0.07664556010116363,0.012851491933797218
196,6109746090000,0.0037875925190746784,-0.012557674199342728,0.7066348791122437,0.7074567079544067,-0.21867923438549042,-0.12156399339437485,0.012399380095303059,0.15753811597824097,0.8102668523788452,-9.635628700256348,-0.07664560526609421,0.0,0.12999999523162842,0.012087865732610226,0.02011956460773945,-0.1102110743522644,-0.71000338810853,-1.324848863067913,89.94161189711002,0.07664556546814537,-0.012067356322726756
197,6109781140000,0.0012323784176260233,-0.014075416140258312,0.707274854183197,0.7067974209785461,0.06103038042783737,-0.013365724124014378,-0.10514505952596664,-0.29845452308654785,0.8801178336143494,-10.498717308044434,-0.07664560526609421,0.0,0.12999999523162842,0.020446591079235077,0.024932505562901497,-0.11460107564926147,-1.0412676500912206,-1.2399887651428378,90.04995779330375,0.07664557613086334,-0.02046832265335096
198,6109851023000,0.003692497732117772,-0.011052761226892471,0.707893431186676,0.7062230706214905,0.12343820929527283,-0.04778946191072464,0.03502681106328964,-0.10493990778923035,-0.356135755777359,-10.473678588867188,-0.07664560526609421,0.0,0.12999999523162842,-0.0022825992200523615,-0.017199687659740448,-0.03880365192890167,-0.5979018654590724,-1.1940858551482099,90.14158662283324,0.07664537124434423,0.0023250952627195333
199,6109886140000,0.003552584908902645,-0.01036815159022808,0.7070912718772888,0.7070373892784119,-0.05686230957508087,0.05347271263599396,0.08412843197584152,0.38051512837409973,0.14851729571819305,-9.728919982910156,-0.07664560526609421,0.0,0.12999999523162842,-0.014466434717178345,-0.013772579841315746,-0.01664116233587265,-0.5523803142434255,-1.127959994409067,90.00980375380546,0.07664560414408406,0.014468791100995915
200,6109920099000,0.0027375463396310806,-0.010847476311028004,0.7063423991203308,0.707781970500946,-0.19435764849185944,0.057027481496334076,-0.015424623154103756,0.22153393924236298,0.15174990892410278,-9.457965850830078,-0.07664560526609421,0.0,0.12999999523162842,0.0032384353689849377,0.005124733783304691,-0.04509933665394783,-0.6561087731398952,-1.1014408408500656,89.88965312383183,0.07664546312097577,-0.003228559560791482
201,6109988741000,0.0011551278876140714,-0.016847560182213783,0.7078468203544617,0.7061640620231628,-0.031154999509453773,0.06888819485902786,-0.004905194044113159,-0.13497266173362732,0.7505396008491516,-9.849247932434082,-0.06706490367650986,0.0,0.12999999523162842,0.02341505140066147,0.003891169559210539,-0.035900212824344635,-1.273603990022602,-1.4571653072938797,90.15256770996113,0.06706466591308763,-0.023425329816477783
202,6110023089000,0.002281380584463477,-0.01797690987586975,0.7074804306030273,0.7065005302429199,0.23883119225502014,0.006442170590162277,0.03780624642968178,0.25829702615737915,-0.20018711686134338,-9.602418899536133,-0.06706490367650986,0.0,0.12999999523162842,0.02759725973010063,-0.00966193899512291,-0.04270421341061592,-1.2733397177709163,-1.6405713300202924,90.09764487442811,0.06706480628550605,-0.02758075354789932
203,6110091050000,0.006657328922301531,-0.01231827400624752,0.7069084644317627,0.707166314125061,0.1432349532842636,-0.003998182248324156,-0.05287075415253639,0.8196030259132385,0.13594955205917358,-9.486156463623047,-0.06706490367650986,0.0,0.12999999523162842,-0.030682411044836044,0.009053380228579044,-0.06043434143066406,-0.45854245007918804,-1.537681625670592,89.98525827720599,0.06706490145669618,0.03068473938792436
204,6110125103000,0.007286162115633488,-0.010578486137092113,0.7072433233261108,0.7068535089492798,-0.041578423231840134,-0.0612599141895771,-0.0028439415618777275,0.18065044283866882,0.11292789876461029,-9.392498970031738,-0.07664560526609421,0.0,0.12999999523162842,-0.02211938425898552,0.02575095370411873,-0.06069790944457054,-0.2672352034909396,-1.4475060568024556,90.03496453539768,0.07664559099466368,0.022103665718030626
205,6110195011000,0.000783102004788816,-0.01661847159266472,0.706985354423523,0.7070324420928955,-0.2830016314983368,-0.037407711148262024,0.0263548344373703,-0.3457181751728058,0.041235893964767456,-10.435805320739746,-0.06706490367650986,0.0,0.12999999523162842,-0.01219847146421671,0.0003269052249379456,-0.06390564888715744,-1.2833871269154091,-1.4100127791917703,90.01197715872966,0.06706490221120613,0.012198402861144642
206,6110229930000,-0.00413306150585413,-0.019832270219922066,0.7065326571464539,0.7073904871940613,-0.2655167281627655,-0.030138373374938965,-0.0007987075368873775,0.09551267325878143,0.7483358383178711,-10.135528564453125,-0.06706490367650986,0.0,0.12999999523162842,-0.005690037272870541,-0.017813466489315033,-0.03494270145893097,-1.9415542831390267,-1.27310413697675,89.95205055941913,0.06706488019169674,0.005675127626390046
207,6110297154000,-0.004040488041937351,-0.019408289343118668,0.7069976329803467,0.7069380283355713,0.11126790195703506,0.05703017860651016,-0.02604644186794758,0.2921946346759796,1.4915575981140137,-10.102714538574219,-0.07664560526609421,0.0,0.12999999523162842,-0.019371397793293,0.006528748665004969,-0.029332786798477173,-1.9004946242952308,-1.245002555847234,90.02548162609635,0.07664559768614548,0.01936849229322012
208,6110331265000,0.001121477922424674,-0.01610938273370266,0.7070598602294922,0.7069693803787231,0.22976510226726532,0.04641777276992798,0.03504301235079765,-0.04286719113588333,0.001904166187159717,-9.368760108947754,-0.07664560526609421,0.0,0.12999999523162842,-0.0026573040522634983,0.011597199365496635,-0.018804050981998444,-1.214829466082659,-1.3960685462322204,90.0221339490765,0.07664559954696636,0.002652823736667517
209,6110399061000,0.0023712310940027237,-0.018934953957796097,0.7071565389633179,0.7067993879318237,-0.0901927500963211,0.03993295878171921,-0.005821832921355963,0.25443100929260254,-0.8264066576957703,-9.486076354980469,-0.07664560526609421,0.0,0.12999999523162842,-0.014637850224971771,-0.009849706664681435,-0.055755238980054855,-1.3430570165527358,-1.7260153040775779,90.04917669096126,0.07664557703481381,0.014646298787978095
210,6110434182000,-0.0026960493996739388,-0.022509582340717316,0.7065778970718384,0.7072720527648926,-0.34372222423553467,-0.008948775939643383,0.014623940922319889,0.5504413843154907,0.1640740931034088,-9.785133361816406,-0.07664560526609421,0.0,0.12999999523162842,-0.03541013225913048,-0.0032436824403703213,-0.036399807780981064,-2.042295303066373,-1.6062602718098038,89.9723714674429,0.07664559635506993,0.035408564009900084
211,6110471041000,-0.006402597762644291,-0.02500985935330391,0.7058500647544861,0.7078905701637268,-0.14157065749168396,-0.04516328126192093,-0.0010657482780516148,0.35053104162216187,1.8040236234664917,-9.023286819458008,-0.07664560526609421,0.0,0.12999999523162842,-0.024498071521520615,0.017256679013371468,-0.04191019758582115,-2.5439972470718617,-1.5110615888325838,89.86815965297757,0.07664540235374402,0.024537715079226564
212,6110539013000,-0.005944627337157726,-0.022663895040750504,0.7071887850761414,0.706636369228363,0.25070276856422424,0.004510055761784315,-0.08557430654764175,0.317340612411499,0.9002789855003357,-9.263347625732422,-0.07664560526609421,0.0,0.12999999523162842,-0.007946666330099106,0.010020075365900993,-0.05364416912198067,-2.3192777803769173,-1.3535850971804602,90.07217462832331,0.07664554445524721,0.007934037890887235
213,6110574189000,0.000328234164044261,-0.01816832646727562,0.7080814242362976,0.7058969140052795,0.23308180272579193,0.011654023081064224,0.03578455001115799,-0.4676339328289032,-0.5279902219772339,-10.22629165649414,-0.07664560526609421,0.0,0.12999999523162842,-0.029232170432806015,0.030194543302059174,-0.06723053753376007,-1.4482781796540132,-1.4964359659483417,90.19595177852639,0.07664515702672979,0.029128734228200958
214,6110646070000,0.0005155982216820121,-0.021485961973667145,0.706538736820221,0.7073479294776917,-0.22477349638938904,0.04283321276307106,0.08806997537612915,-0.24333029985427856,-0.3140079379081726,-10.877243995666504,-0.07664560526609421,0.0,0.12999999523162842,-0.058970797806978226,-0.012048684060573578,-0.02608332969248295,-1.6988555101488316,-1.7836009666312882,89.96086371780896,0.076645587385946,0.05896255411294722
215,6110681105000,-0.004325415473431349,-0.02620084397494793,0.7058761715888977,0.7078372836112976,-0.40940558910369873,0.034170959144830704,-0.04022148251533508,0.6350006461143494,0.9463620185852051,-8.866299629211426,-0.07664560526609421,0.0,0.12999999523162842,-0.04847445338964462,-0.023957666009664536,0.01243668980896473,-2.4721170034496227,-1.775619920212509,89.87935295806048,0.07664543534582258,0.048423898588410064
216,6110751150000,-0.006775174755603075,-0.02897215075790882,0.7066724896430969,0.7069148421287537,-0.2567152678966522,0.09146912395954132,-0.046272922307252884,1.039076805114746,1.4893370866775513,-9.0191011428833,-0.07664560526609421,0.0,0.12999999523162842,-0.025521598756313324,0.003808253910392523,0.0071274288929998875,-2.8976224668111894,-1.798582485512854,90.02584718250813,0.0766455974671034,0.025519878185896613
217,6110785121000,-0.005212873220443726,-0.027127651497721672,0.7068482041358948,0.7068256735801697,0.3006299138069153,0.042838506400585175,-0.015872901305556297,0.2940041124820709,0.3390433192253113,-9.17919635772705,-0.07664560526609421,0.0,0.14000000059604645,-0.02873142808675766,0.004277450032532215,0.009447045624256134,-2.6217041542819053,-1.7752855756041985,90.04245284914427,0.07664558422706665,0.028728250857984132
218,6110853026000,-0.005455798003822565,-0.028330979868769646,0.7069225907325745,0.7067022919654846,-0.0756542906165123,-0.055967774242162704,0.004482217598706484,-0.08511525392532349,-0.7546301484107971,-9.456835746765137,-0.07664560526609421,0.0,0.14000000059604645,-0.07296252995729446,0.0061746761202812195,-0.04851050674915314,-2.7393146243249173,-1.8526655990119814,90.06215822709615,0.0766455601627034,0.07295578832812984
219,6110889912000,-0.008506041951477528,-0.03144880756735802,0.7055704593658447,0.7078903913497925,-0.2305769920349121,-0.0354849249124527,0.048551589250564575,0.31169143319129944,1.2446963787078857,-10.05574893951416,-0.07664560526609421,0.0,0.14000000059604645,-0.0575280636548996,-0.01817248947918415,0.007716902997344732,-3.2361391976118243,-1.8636674691505617,89.8645693282855,0.07664539115170196,0.05748494847094467
220,6110923123000,-0.010190731845796108,-0.03158566728234291,0.7057124972343445,0.7077205777168274,0.07596942037343979,0.03972925990819931,-0.0657397136092186,0.4126150906085968,1.530436635017395,-9.499229431152344,-0.08622629940509796,0.0,0.14000000059604645,-0.05070764943957329,-0.021317647770047188,-0.0052306391298770905,-3.3842707063958537,-1.7377149664317253,89.88853794864112,0.08622613624332587,0.05066608259306455
221,6110991071000,-0.0005800224025733769,-0.02269069291651249,0.7078263759613037,0.7060216665267944,0.45590701699256897,0.036355823278427124,-0.001992749283090234,0.43846046924591064,0.36605605483055115,-8.725106239318848,-0.08622629940509796,0.0,0.14000000059604645,-0.04843520000576973,0.005330661777406931,-0.046746257692575455,-1.8886518447973337,-1.789015195091358,90.17576145963282,0.08622589369908176,0.04841861971320739
222,6111026122000,0.001930698286741972,-0.021282004192471504,0.7077829837799072,0.7061066627502441,0.23777025938034058,-0.0016784344334155321,0.05324641987681389,0.05759652704000473,-0.509754478931427,-10.258130073547363,-0.08622629940509796,0.0,0.14000000059604645,-0.056313831359148026,0.010882952250540257,-0.07958349585533142,-1.5709183229893033,-1.8789370225906294,90.16162276507198,0.08622595634574491,0.05628290818075469
223,6111096106000,0.0018657422624528408,-0.021751917898654938,0.7067840099334717,0.7070924043655396,-0.23953461647033691,-0.009222188033163548,1.8425978851155378e-05,0.036301422864198685,0.5595311522483826,-9.12047004699707,-0.09580700099468231,0.0,0.14000000059604645,-0.04864473640918732,0.006548927631229162,-0.0378013551235199,-1.6116565313528917,-1.9139540556847054,90.00192812334139,0.09580700094043333,0.048644515996471085
224,6111130040000,-0.0004145035636611283,-0.02460021711885929,0.707277774810791,0.7065074443817139,0.19643639028072357,-0.0012949638767167926,-0.03041875921189785,-0.0058782161213457584,1.4504680633544922,-10.285239219665527,-0.09580700099468231,0.0,0.14000000059604645,-0.0408843532204628,0.011323804967105389,-0.08718959987163544,-2.0289670612759068,-1.9584150855186901,90.09712044985831,0.09580686335512976,0.040865099833378944
225,6111198096000,0.007452786434441805,-0.01681111939251423,0.7073705792427063,0.7066037058830261,0.38197046518325806,-0.0043440028093755245,-0.0267528984695673,0.19994200766086578,0.8312289714813232,-10.539273262023926,-0.09580700099468231,0.0,0.14000000059604645,-0.046172741800546646,-0.024226661771535873,0.003125827293843031,-0.7596984435683651,-1.9657087070079298,90.07518245326551,0.09580691851349403,0.04620449181458719
226,6111232085000,0.009777221828699112,-0.014156557619571686,0.707635223865509,0.7063683867454529,0.15144211053848267,0.04488427937030792,0.03595130518078804,0.5277047157287598,-0.3542655110359192,-8.374876976013184,-0.09580700099468231,0.0,0.14000000059604645,-0.032624080777168274,0.005586982239037752,-0.06476903706789017,-0.3567420285690669,-1.9390820290337953,90.10870235688898,0.09580682856986432,0.03261342236853995
227,6111301034000,0.008566334843635559,-0.015363538637757301,0.7065421342849731,0.7074522972106934,-0.049033332616090775,-0.03575317561626434,0.03125014901161194,0.302137553691864,0.27095985412597656,-11.100658416748047,-0.09580700099468231,0.0,0.14000000059604645,-0.04358372837305069,-0.00174418103415519,-0.018148327246308327,-0.549757137925548,-1.9394254300464617,89.93554489649343,0.09580694037180294,0.0435817386723655
228,6111336027000,0.0049471138045191765,-0.01689286157488823,0.7071534991264343,0.7068409323692322,-0.20058833062648773,-0.04578905180096626,-0.014264529570937157,0.342221736907959,0.4502301812171936,-8.69428825378418,-0.09580700099468231,0.0,0.14000000059604645,-0.005679635796695948,0.004572690464556217,-0.04112933576107025,-0.9686948081112391,-1.7694528390520543,90.040290268752,0.09580697730701493,0.005676418886621198
229,6111371031000,0.003845908911898732,-0.017438240349292755,0.7074734568595886,0.7065141797065735,0.18078947067260742,-0.06027156487107277,-0.0424630381166935,-0.20865857601165771,0.6229690909385681,-10.36642074584961,-0.10538770258426666,0.0,0.14000000059604645,-0.016715936362743378,0.013869335874915123,-0.10557625442743301,-1.1029270816211796,-1.723859741612484,90.09433482924439,0.1053875597413485,0.01669307850142697
230,6111441064000,0.008214190602302551,-0.012343419715762138,0.7071992754936218,0.7068588137626648,0.04216167330741882,0.05851639807224274,0.023235317319631577,0.21925605833530426,-0.027297167107462883,-8.838295936584473,-0.10538770258426666,0.0,0.14000000059604645,-0.023686718195676804,-0.02059575542807579,-0.035082828253507614,-0.33509284532243244,-1.6657225878729893,90.03246144940016,0.10538768567010492,0.023698383107603253
231,6111476119000,0.0075748274102807045,-0.013682031072676182,0.7073923945426941,0.706648051738739,0.04216167330741882,0.05851639807224274,0.023235317319631577,0.21925605833530426,-0.027297167107462883,-8.838295936584473,-0.10538770258426666,0.0,0.14000000059604645,-0.0061384267173707485,0.0014689069939777255,-0.11198008060455322,-0.4959335242583719,-1.722198627129549,90.06777433745933,0.10538762885410477,0.0061366848747341045
232,6111544105000,0.006736705545336008,-0.01615181192755699,0.7064106464385986,0.7075858116149902,-0.11801663041114807,-0.029309935867786407,-0.006525483913719654,0.8094482421875,0.5222784280776978,-10.21455192565918,-0.10538770258426666,0.0,0.14000000059604645,-0.017673835158348083,-0.018106603994965553,-0.054466042667627335,-0.7616551401570734,-1.8552950443844052,89.91709640663223,0.10538759226247385,0.017647617484549544
233,6111578068000,0.004583131521940231,-0.01583067886531353,0.7067416906356812,0.7072795629501343,0.015070317313075066,-0.05828546732664108,-0.01978532411158085,0.3652332127094269,0.5700035095214844,-8.565811157226562,-0.10538770258426666,0.0,0.12999999523162842,0.005558968521654606,0.0014807620318606496,-0.08201921731233597,-0.9110368242138704,-1.654451700651038,89.96956567690765,0.10538768771662929,-0.005558181187548638
234,6111646082000,0.005972431972622871,-0.015043934807181358,0.7077734470367432,0.7062540054321289,0.06336858868598938,0.018000369891524315,-0.013972940854728222,-0.44602158665657043,0.12850657105445862,-9.895702362060547,-0.10538770258426666,0.0,0.12999999523162842,0.00623520789667964,0.0059935650788247585,-0.12409871816635132,-0.7371285010805555,-1.7021606013984971,90.13408455940375,0.10538741400042069,-0.006249217053079638
235,6111681275000,0.00558910658583045,-0.01609042100608349,0.7076579332351685,0.7063499689102173,-0.05106453597545624,-0.023412873968482018,0.009744052775204182,0.1395443081855774,-0.15016630291938782,-9.686922073364258,-0.10538770258426666,0.0,0.12999999523162842,-0.002555812243372202,-0.02792929857969284,-0.11400432139635086,-0.8528381513452375,-1.7558910213833683,90.11906706746825,0.10538747502326581,0.002613846903425683
236,6111750389000,0.0028493176214396954,-0.01707412861287594,0.7067112922668457,0.7072902917861938,-0.13225822150707245,0.05284061282873154,0.04018675908446312,0.5763596892356873,0.4120786488056183,-9.780116081237793,-0.10538770258426666,0.0,0.11999999731779099,-0.011682451702654362,0.009698763489723206,-0.08730078488588333,-1.152316151963139,-1.6148099403000855,89.96931744262885,0.10538768747310763,0.01168764382813211
237,6111785175000,0.0014402121305465698,-0.01760905608534813,0.7068884968757629,0.7071042656898499,-0.10392603278160095,0.12694205343723297,-0.026596827432513237,-0.0018675806932151318,0.8190395832061768,-9.727815628051758,-0.10538770258426666,0.0,0.11999999731779099,0.0011410047300159931,-0.005396926775574684,-0.06480633467435837,-1.3102863835308958,-1.54367876564398,90.00016673988888,0.1053877025838204,-0.0011409890240904378
238,6111819079000,0.0011985779274255037,-0.019465968012809753,0.7075440883636475,0.7064000368118286,0.1690376102924347,-0.007600685581564903,-0.00301585765555501,0.17423821985721588,0.4026740789413452,-9.572968482971191,-0.10538770258426666,0.0,0.11999999731779099,0.020540446043014526,0.0037869580555707216,-0.062442854046821594,-1.4820482202618608,-1.673137849218333,90.11436034534431,0.1053874926586446,-0.020547963756798515
239,6111889760000,0.005927614402025938,-0.01566551998257637,0.707254946231842,0.7067601084709167,0.2030659019947052,0.05273064970970154,0.019697126001119614,-0.14493843913078308,0.04352419078350067,-9.759869575500488,-0.10538770258426666,0.0,0.11999999731779099,-0.008108475245535374,0.01460739504545927,-0.06329809129238129,-0.789942267570801,-1.7494088087955204,90.05216233253148,0.10538765890969508,0.008095173249647605
240,6111924209000,0.007140252273529768,-0.0159518551081419,0.7073032855987549,0.7066941261291504,-0.09084999561309814,0.09252573549747467,0.0008509579347446561,-0.07766860723495483,-0.11805389076471329,-9.962947845458984,-0.10538770258426666,0.0,0.11999999731779099,-0.010269919410347939,0.0011037178337574005,-0.05441800132393837,-0.7150872738467678,-1.8708570514066194,90.0610427248951,0.10538764277307443,0.010268737684879002
241,6111994124000,0.005237693898379803,-0.020303457975387573,0.7064844965934753,0.707417905330658,-0.1579010784626007,-0.010794307105243206,0.021730555221438408,0.6437171697616577,0.4850279986858368,-9.746383666992188,-0.11496841162443161,0.0,0.11999999731779099,-0.010021146386861801,-0.026789119467139244,-0.01813609153032303,-1.2200096538205998,-2.0703611006217773,89.94639620868169,0.11496836130980492,0.00999607910527509
242,6112028932000,0.0029803055804222822,-0.02007507160305977,0.7062927484512329,0.7076288461685181,-0.004144769627600908,-0.06968347728252411,-0.0007066194666549563,0.8992566466331482,0.8053897023200989,-9.495795249938965,-0.11496841162443161,0.0,0.12999999523162842,-0.006923014298081398,-0.011861004866659641,-0.050027716904878616,-1.3839829846495657,-1.8693966729794536,89.91429651996854,0.11496828300691972,0.006905264774915726
243,6112096048000,0.0042680976912379265,-0.01650170050561428,0.7076568007469177,0.7063507437705994,0.053853511810302734,-0.05304739996790886,-0.04902264103293419,0.3924342393875122,0.6442031264305115,-10.43751335144043,-0.11496841162443161,0.0,0.12999999523162842,0.003398656379431486,-0.005661873146891594,-0.015175294131040573,-0.993157534320539,-1.6820258314763799,90.1204226050046,0.11496815769142994,-0.003386748921003952
244,6112130055000,0.004013950005173683,-0.015788868069648743,0.7071918249130249,0.7068339586257935,0.0015273907920345664,-0.019034719094634056,0.07146520912647247,0.3041958212852478,0.5500534176826477,-8.867447853088379,-0.11496841162443161,0.0,0.12999999523162842,0.009188598953187466,-0.00587037205696106,-0.017733106389641762,-0.9548014691153712,-1.604347294870599,90.0423701562077,0.11496838018871383,-0.009184255308468963
245,6112199060000,0.00286052655428648,-0.016477705910801888,0.7071227431297302,0.7068929076194763,-0.009478393942117691,0.023159902542829514,-0.020794788375496864,0.19441886246204376,0.05598841980099678,-9.251848220825195,-0.11496841162443161,0.0,0.12999999523162842,0.009203250519931316,0.010234002023935318,-0.07051202654838562,-1.1039605868216391,-1.5667442284003736,90.03372104906813,0.11496839171286584,-0.009209272079323564
246,6112234139000,0.004241818096488714,-0.017427688464522362,0.708182692527771,0.7058013677597046,0.007971147075295448,-0.04149381071329117,-0.015566766262054443,0.1629897654056549,0.5030342936515808,-9.389023780822754,-0.11496841162443161,0.0,0.12999999523162842,0.017717890441417694,0.011228174902498722,-0.06804292649030685,-1.071778734251984,-1.7540368502693264,90.2093935605199,0.11496764385745037,-0.017758806596088944
247,6112272151000,0.002937132492661476,-0.017680088058114052,0.7077580094337463,0.7062276005744934,0.13012132048606873,-0.015052963979542255,0.07678459584712982,-0.0005267694941721857,0.44191065430641174,-10.276617050170898,-0.11496841162443161,0.0,0.12999999523162842,0.022854555398225784,-0.01476116944104433,-0.0691937729716301,-1.1968092317155703,-1.6692558505125692,90.14146242252637,0.1149680612073791,-0.022818040669357012
248,6112341041000,0.006305921822786331,-0.014080626890063286,0.7068655490875244,0.7071796655654907,0.1545802652835846,-0.02071799896657467,-0.04385846108198166,-0.02637387067079544,0.45345351099967957,-10.567864418029785,-0.11496841162443161,0.0,0.12999999523162842,-0.010654645971953869,-0.018251849338412285,-0.03347538411617279,-0.6298050048583803,-1.6520629935931948,89.98362519308105,0.1149684069292149,0.010649429262481577
249,6112375035000,0.00832489226013422,-0.012994750402867794,0.7077445387840271,0.7062999606132507,0.10281752049922943,0.03832516074180603,-0.08481531590223312,-0.11353583633899689,0.45304229855537415,-10.73654556274414,-0.11496841162443161,0.0,0.12999999523162842,0.005923907738178968,-0.02340564876794815,-0.01040076557546854,-0.3802863182783635,-1.727166300043268,90.12279818169546,0.11496814757394216,-0.0058737304218762785
250,6112410153000,0.009417685680091381,-0.01194810215383768,0.7071263790130615,0.7069234848022461,0.10281752049922943,0.03832516074180603,-0.08481531590223312,-0.11353583633899689,0.45304229855537415,-10.73654556274414,-0.11496841162443161,0.0,0.12999999523162842,0.014040028676390648,-0.014729627408087254,-0.010114429518580437,-0.20535459891760285,-1.7312707287845397,90.01954488539101,0.11496840493530336,-0.014035003250778829
251,6112481152000,0.008977155201137066,-0.01234904769808054,0.7072038650512695,0.7068448066711426,-0.02161131612956524,-0.01020866446197033,-0.06369195133447647,0.016637839376926422,-0.07453642785549164,-10.111932754516602,-0.11496841162443161,0.0,0.12999999523162842,0.012029440142214298,0.012546999379992485,-0.06416402012109756,-0.2737517038338402,-1.7280207096088593,90.03322579132329,0.11496839229344923,-0.012036714117260672
252,6112550265000,0.009698261506855488,-0.013797900639474392,0.707222580909729,0.7067896127700806,0.08566504716873169,-0.026565609499812126,0.0565071776509285,-0.2544039785861969,0.40721315145492554,-9.892349243164062,-0.11496841162443161,0.0,0.12999999523162842,0.009762302972376347,-0.025470972061157227,-0.041616033762693405,-0.3329087703254277,-1.9038359964833673,90.04061924547196,0.1149683827331401,-0.009744243140584113
253,6112584066000,0.009980293922126293,-0.013309949077665806,0.7069790363311768,0.7070387601852417,0.12718264758586884,-0.026556164026260376,-0.011075028218328953,0.5356133580207825,0.07143500447273254,-9.874682426452637,-0.11496841162443161,0.0,0.12999999523162842,0.010023037903010845,-0.02837330661714077,-0.039680466055870056,-0.26982719426326385,-1.8872642692544634,89.99960432329033,0.11496841162169014,-0.010023233844893583
254,6112619129000,0.011163809336721897,-0.009940373711287975,0.7070443630218506,0.7070112228393555,-0.05851580202579498,0.07287327945232391,0.028138022869825363,0.4405667185783386,0.32152944803237915,-9.262490272521973,-0.11496841162443161,0.0,0.12999999523162842,-0.013221579603850842,-0.014588653109967709,-0.01969446800649166,0.09912616351912491,-1.7101047530746967,90.00120618078769,0.1149684115989558,0.01322188671870964
255,6112688662000,0.010905085131525993,-0.014480048790574074,0.7068434953689575,0.7071377038955688,-0.1146051213145256,0.022669536992907524,0.0250171460211277,0.035127948969602585,0.3238295912742615,-9.221983909606934,-0.11496841162443161,0.0,0.12999999523162842,0.031149068847298622,-0.006929424125701189,-0.07076965272426605,-0.2893860263170073,-2.0570826230075157,89.9813522792804,0.11496840553530815,-0.031151322476453427
256,6112723042000,0.010080099105834961,-0.015281805768609047,0.7071071267127991,0.7068693041801453,0.04477888345718384,-0.032904475927352905,-0.06456736475229263,0.4542030096054077,0.4008774161338806,-10.093047142028809,-0.11496841162443161,0.0,0.12999999523162842,0.032006580382585526,-0.007293340750038624,-0.08023989200592041,-0.42203656004343587,-2.0550617731849523,90.02684319094291,0.11496839900698301,-0.03200315992488884
257,6112792026000,0.014148950576782227,-0.008410368114709854,0.7073324918746948,0.7066892385482788,0.2572172284126282,-0.07650836557149887,0.003806324442848563,0.6115111708641052,1.0411795377731323,-9.857789039611816,-0.11496841162443161,0.0,0.12999999523162842,0.0157370213419199,-0.007051220163702965,-0.02523670345544815,0.4643355412305178,-1.828221061687411,90.04472011021556,0.11496837660500916,-0.01573151297880803
258,6112828581000,0.01778114028275013,-0.000882776512298733,0.7074472904205322,0.7065417766571045,0.24999134242534637,-0.021266406401991844,-0.007671452593058348,-0.2811695635318756,-0.6574517488479614,-9.20914077758789,-0.11496841162443161,0.0,0.12999999523162842,0.0282633937895298,0.002800446003675461,-0.04889681190252304,1.3686703602772639,-1.5131212788497121,90.05530955035177,0.1149683580566708,-0.0282660839852913
259,6112897023000,0.01721714623272419,-0.0020265814382582903,0.7078891396522522,0.7061106562614441,-0.1126270741224289,-0.05012325197458267,-0.0037165561225265265,-0.10829447954893112,-0.805694580078125,-10.472954750061035,-0.11496841162443161,0.0,0.12999999523162842,0.027406062930822372,-0.016072478145360947,-0.06688827276229858,1.2292717753146076,-1.5607952926827333,90.1273845111046,0.11496812748183745,-0.027370261621308248
260,6112932083000,0.012258273549377918,-0.005879915319383144,0.7069971561431885,0.7070857286453247,-0.3795629143714905,0.008812821470201015,0.042592890560626984,0.31077656149864197,0.6418431997299194,-9.553755760192871,-0.11496841162443161,0.0,0.12999999523162842,0.021374106407165527,-0.023849602788686752,-0.01746903918683529,0.5170499778102216,-1.4697025911187729,89.98619057087555,0.11496840828513713,-0.021379854017700324
261,6112969408000,0.007795779034495354,-0.008842049166560173,0.7066364288330078,0.7074785232543945,-0.08766792714595795,0.003326422767713666,-0.04057294875383377,0.4256705045700073,1.0705924034118652,-9.46250057220459,-0.12454910576343536,0.0,0.12999999523162842,0.041639294475317,-0.009322377853095531,-0.04050557315349579,-0.08399229961294806,-1.3482188199758507,89.93274987987284,0.12454901997051876,-0.04165020780115594
262,6113038150000,0.009876872412860394,-0.007627291139215231,0.7081430554389954,0.7059586644172668,0.2427634447813034,0.02342081256210804,0.01327533833682537,0.16537825763225555,0.2117672860622406,-9.209680557250977,-0.12454910576343536,0.0,0.12999999523162842,0.056972190737724304,-0.00015121004253160208,-0.034882236272096634,0.1801304701812899,-1.4186499638803691,90.17478157596241,0.12454852625959499,-0.05697146438907757
263,6113072052000,0.012534940615296364,-0.006261369679123163,0.7079477310180664,0.7061257362365723,0.17091453075408936,0.050422172993421555,0.048868194222450256,-0.1674056053161621,-0.4695200026035309,-9.664029121398926,-0.12454910576343536,0.0,0.12999999523162842,0.04557068273425102,0.004132051486521959,-0.06748443841934204,0.506511051328164,-1.5237200646463775,90.14091249025762,0.12454872909076206,-0.04558070721837144
264,6113144149000,0.015943922102451324,-0.005718667060136795,0.7068849802017212,0.7071256637573242,0.05494667589664459,0.056437380611896515,0.004767648410052061,0.2570559084415436,-0.218455508351326,-10.542224884033203,-0.12454910576343536,0.0,0.12999999523162842,0.005277929361909628,-0.01624859683215618,-0.026495518162846565,0.829134538594658,-1.755168070679609,89.96779413622113,0.12454908608750644,-0.005287061837289997
265,6113179180000,0.017122656106948853,-0.00455717695876956,0.7070708274841309,0.7069206237792969,-0.02390090562403202,0.04378662630915642,-0.009124918840825558,0.37979039549827576,0.3525310754776001,-9.59467601776123,-0.12454910576343536,0.0,0.12999999523162842,0.025714421644806862,1.640458322071936e-05,-0.010137936100363731,1.0183474197254407,-1.756791387532953,89.99655887432172,0.12454910553880606,-0.02571442061318745
266,6113214170000,0.017831942066550255,-0.005251872818917036,0.7074773907661438,0.7064914107322693,0.09905388206243515,0.0017646679189056158,-0.005850403569638729,0.08410090208053589,0.1347445398569107,-9.159191131591797,-0.11496841162443161,0.0,0.12999999523162842,0.05006337910890579,0.004110173787921667,-0.045816678553819656,1.0184600035112708,-1.8711658466833228,90.06327391670924,0.11496834151883918,-0.05006788760209761
267,6113284063000,0.017868760973215103,-0.005623646080493927,0.7077761888504028,0.7061882019042969,-0.06125900521874428,-0.015448715537786484,-0.013827231712639332,0.41698259115219116,-0.42670390009880066,-10.348030090332031,-0.11496841162443161,0.0,0.12999999523162842,0.032865699380636215,-0.01693326234817505,-0.05793807655572891,0.990487351784458,-1.9046836142573762,90.11222945902078,0.11496819106945028,-0.03283246792553759
268,6113320162000,0.01661899872124195,-0.005658634472638369,0.7073535919189453,0.7066417932510376,-0.18023401498794556,0.0033019520342350006,0.016876136884093285,0.32224953174591064,0.332022100687027,-9.312602996826172,-0.11496841162443161,0.0,0.12999999523162842,0.01738554798066616,-0.004687528591603041,-0.014532292261719704,0.8875321647995869,-1.8055899612629926,90.04369879539217,0.11496837818628633,-0.017381967803344875
269,6113390111000,0.012842713855206966,-0.00820768903940916,0.7074341177940369,0.7066149115562439,-0.1216583102941513,-0.04361315444111824,-0.011218058876693249,-0.11101260781288147,0.2956709563732147,-9.211542129516602,-0.11496841162443161,0.0,0.12999999523162842,0.04985252022743225,0.010229823179543018,-0.037735145539045334,0.37470598616220213,-1.7059531259752418,90.06080796944642,0.11496834687674848,-0.04986334905350769
270,6113425212000,0.01130865328013897,-0.010094573721289635,0.7077794671058655,0.7062707543373108,-0.13980001211166382,0.003179503371939063,0.019816095009446144,0.10812480747699738,-0.0010114196920767426,-9.516790390014648,-0.11496841162443161,0.0,0.12999999523162842,0.05573458969593048,0.0001944793330039829,-0.05002975091338158,0.09655777834299006,-1.734440339269963,90.1208011641199,0.1149681560923994,-0.05573487585431437
271,6113494111000,0.007052142638713121,-0.01483895629644394,0.7068964838981628,0.7071260809898376,-0.09695146977901459,-0.007284305524080992,0.0186573825776577,-0.059630926698446274,0.3260403275489807,-10.722475051879883,-0.10538770258426666,0.0,0.12999999523162842,0.011577088385820389,-0.001773239579051733,-0.05014858394861221,-0.6308955891700476,-1.7739487436381283,89.9911611223714,0.1053877013302338,-0.011577361801327379
272,6113528519000,0.006652992218732834,-0.014743126928806305,0.7068361043930054,0.7071924209594727,-0.0427728071808815,-0.012330101802945137,-0.01956467144191265,0.17982469499111176,0.49910280108451843,-10.464085578918457,-0.10538770258426666,0.0,0.12999999523162842,0.021632034331560135,-0.017536506056785583,-0.001772992662154138,-0.6553229615976033,-1.7338976937507715,89.98104106674319,0.10538769681470966,-0.021637835903527622
273,6113597134000,0.004980938509106636,-0.012991081923246384,0.7072054147720337,0.7068712711334229,-0.009413166902959347,-0.06027301773428917,-0.015018920414149761,0.6234790086746216,0.33590373396873474,-9.272414207458496,-0.10538770258426666,0.0,0.12999999523162842,0.013130656443536282,0.007287581451237202,-0.0515611469745636,-0.6495545230108609,-1.456107625365366,90.03533214805239,0.10538768254624942,-0.01313514792348912
274,6113632087000,0.005476625170558691,-0.013128316961228848,0.7075708508491516,0.7064992785453796,-0.037362225353717804,0.018450461328029633,-0.002589333336800337,-0.10453538596630096,0.5590738654136658,-9.877985000610352,-0.10538770258426666,0.0,0.12999999523162842,0.01074701827019453,0.015803847461938858,-0.04411465674638748,-0.6213113059744255,-1.5070809318634628,90.0950085429373,0.10538755769377282,-0.010773209610626453
275,6113701054000,0.005265866871923208,-0.016668198630213737,0.7075532674789429,0.7064436674118042,0.029418397694826126,0.055134449154138565,0.021827109158039093,0.028123142197728157,-0.006719883996993303,-9.670598983764648,-0.10538770258426666,0.0,0.12999999523162842,0.020674563944339752,-0.005939854308962822,-0.05241597071290016,-0.9256517589340156,-1.7765715321262154,90.10427526437887,0.10538752805142648,-0.02066371949291048
276,6113735031000,0.006296762265264988,-0.017351459711790085,0.7073553800582886,0.7066171169281006,-0.0015331715112552047,0.062377914786338806,-0.007219379767775536,0.6040555834770203,-0.17529776692390442,-10.380656242370605,-0.10538770258426666,0.0,0.12999999523162842,-0.013139010407030582,-0.006871446967124939,-0.046174097806215286,-0.8971307965927795,-1.9157417046190728,90.07483046061462,0.10538761270253066,0.013147973568939696
277,6113769410000,0.006792867090553045,-0.016774142161011696,0.7069026231765747,0.7070794105529785,-0.07696200907230377,-0.05085885897278786,0.017635801807045937,0.18375496566295624,1.074074625968933,-9.864643096923828,-0.10538770258426666,0.0,0.12999999523162842,-0.02806195616722107,0.0020611723884940147,0.00910328421741724,-0.8088723373382329,-1.9097404875926074,89.99915468299956,0.10538770257279692,0.02806198657380754
278,6113838063000,0.006632862612605095,-0.013756386935710907,0.7069381475448608,0.7071105241775513,0.15674442052841187,-0.061098553240299225,0.0028173907194286585,0.8520894646644592,0.7794293165206909,-8.7581205368042,-0.10538770258426666,0.0,0.12999999523162842,0.0112144248560071,0.008602910675108433,-0.016156423836946487,-0.5771892743940179,-1.652216247594465,89.99435369590852,0.10538770207253392,-0.011213577013983383
279,6113873144000,0.009682654403150082,-0.010661286301910877,0.7076729536056519,0.7063933610916138,0.2515372633934021,0.022857211530208588,-0.04906092584133148,0.009640377014875412,-0.1849166750907898,-9.578544616699219,-0.10538770258426666,0.0,0.14000000059604645,0.00046102944179438055,0.0206904336810112,-0.0671110525727272,-0.0808137788180558,-1.6484223631610744,90.10485679264492,0.10538752609930935,-0.0004988941342080444
280,6113910658000,0.013203146867454052,-0.008928324095904827,0.7080214619636536,0.7060109972953796,0.08007868379354477,0.026780715212225914,0.019549710676074028,-0.13439145684242249,-0.2366970032453537,-10.691308975219727,-0.10538770258426666,0.0,0.12999999523162842,-0.01741965115070343,0.0015701445518061519,-0.0575653538107872,0.34395927764632933,-1.7938350916451307,90.15754077623863,0.10538730420166355,0.01741526802933242
281,6113944076000,0.014093798585236073,-0.008779588155448437,0.7074004411697388,0.7066178321838379,-0.09866844862699509,0.058432646095752716,0.03276486322283745,0.14933130145072937,-0.2727317810058594,-10.244150161743164,-0.10538770258426666,0.0,0.12999999523162842,-0.028078068047761917,-0.01311937253922224,-0.008739245124161243,0.42974620435292976,-1.8537014778955396,90.05646988882748,0.10538765139858315,0.028090984671640194
282,6114046155000,0.007891344837844372,-0.013924079947173595,0.7071458101272583,0.7068865299224854,0.19377851486206055,-0.06159341707825661,-0.08720913529396057,0.06632672995328903,0.9325382709503174,-9.6953125,-0.10538770258426666,0.0,0.14000000059604645,0.016812220215797424,0.026773380115628242,-0.07493910938501358,-0.48932356337239746,-1.767634859827678,90.02856048722624,0.10538768949106396,-0.01682556397480665
283,6114080103000,0.01221268530935049,-0.009211606346070766,0.7080515623092651,0.7059949636459351,0.4759773910045624,-0.03273073583841324,-0.025151178240776062,-0.20422008633613586,0.22851607203483582,-10.16915512084961,-0.10538770258426666,0.0,0.14000000059604645,0.016015706583857536,0.021417269483208656,-0.06319469958543777,0.24073086145497413,-1.7363920745394983,90.16301455707509,0.10538727603700296,-0.016076576825665993
284,6114149102000,0.021129049360752106,0.0016475338488817215,0.7075594663619995,0.7063359022140503,0.10172541439533234,0.03131961449980736,0.022785544395446777,-0.01388618629425764,-0.44783592224121094,-9.127644538879395,-0.10538770258426666,0.0,0.14000000059604645,0.0083360206335783,0.005775740370154381,-0.029091063886880875,1.8447907342344112,-1.5799992603865336,90.07372585757278,0.10538761533650728,-0.008343445716014293
285,6114183161000,0.019875265657901764,3.770451439777389e-05,0.7076021432876587,0.7063314914703369,-0.157492533326149,-0.026167070493102074,0.02777339518070221,-0.14207637310028076,-0.5081377029418945,-10.018989562988281,-0.10538770258426666,0.0,0.14000000059604645,0.022697852924466133,-0.0009986874647438526,-0.054083917289972305,1.612602306542247,-1.6087501326033418,90.08033703167722,0.10538759898750787,-0.022696430307447803
286,6114252054000,0.010695056989789009,-0.008705774322152138,0.7070315480232239,0.7070476412773132,-0.3984740376472473,0.012921985238790512,-0.001157586113549769,0.7598401308059692,0.330641508102417,-9.42451000213623,-0.09580700099468231,0.0,0.14000000059604645,0.024537421762943268,-0.004794151522219181,-0.004055431112647057,0.16125198347402558,-1.5720654498730025,89.99648353086349,0.09580700081424115,-0.024537715952814974
287,6114289114000,0.007897000759840012,-0.010295271873474121,0.7070372104644775,0.7070573568344116,-0.16814610362052917,0.005329817067831755,0.014613281935453415,0.20395289361476898,1.3563536405563354,-9.176240921020508,-0.09580700099468231,0.0,0.14000000059604645,0.044868532568216324,0.015439094975590706,-0.036653101444244385,-0.19435556585925098,-1.4741332385423074,90.0008678099692,0.09580700098369298,-0.044868766405782946
288,6114324063000,0.009236246347427368,-0.010466666892170906,0.7072062492370605,0.70686936378479,0.12407970428466797,0.04499823972582817,-0.014975577592849731,0.10633541643619537,0.7138161063194275,-9.28017807006836,-0.09580700099468231,0.0,0.14000000059604645,0.05096421390771866,0.013507709838449955,-0.02520354837179184,-0.10010860385067068,-1.5965242580074064,90.02869480865151,0.09580698897954766,-0.050970972432262056
289,6114394191000,0.0100259343162179,-0.010479471646249294,0.7078014612197876,0.706262469291687,-0.034003689885139465,0.026807846501469612,-0.02701195515692234,0.7802217602729797,-0.7165213227272034,-9.683064460754395,-0.09580700099468231,0.0,0.14000000059604645,-0.006613206584006548,0.0013720247661694884,-0.03752630576491356,-0.03856988997660916,-1.661538849896466,90.12527459482813,0.09580677198817354,0.006610190909673377
290,6114429662000,0.006716368719935417,-0.012147719040513039,0.7075129151344299,0.7065640091896057,-0.27755263447761536,-0.053505465388298035,0.06745859235525131,-0.1299603134393692,-0.3190639317035675,-9.954416275024414,-0.08622629940509796,0.0,0.14000000059604645,0.03249611705541611,0.027500944212079048,-0.07174135744571686,-0.4412384426146528,-1.5282665266734201,90.08278083023565,0.08622620940894042,-0.03253581643516591
291,6114498137000,-0.00018360366811975837,-0.0183903519064188,0.7069488167762756,0.7070254683494568,-0.2828550338745117,-0.05188047140836716,-0.03804956376552582,0.018867120146751404,0.8654625415802002,-10.619024276733398,-0.08622629940509796,0.0,0.14000000059604645,0.02269464172422886,-0.013397135771811008,0.0003974472638219595,-1.505356850073024,-1.475260069764444,90.01317024856971,0.08622629712710474,-0.022691561602783506
292,6114533108000,-0.002269538352265954,-0.018957816064357758,0.7077246904373169,0.7062302827835083,-0.011297889985144138,0.018783841282129288,-0.014857138507068157,-0.07420464605093002,1.1020424365997314,-9.809171676635742,-0.08622629940509796,0.0,0.14000000059604645,0.018317289650440216,0.010681240819394588,-0.039657462388277054,-1.7218716582932134,-1.3502857633030028,90.14140374628403,0.0862260368103123,-0.018343594725159684
293,6114571143000,-0.00019371196685824543,-0.019425684586167336,0.7079353332519531,0.7060099840164185,0.11816462129354477,0.03755195811390877,0.04592849314212799,-0.08198851346969604,0.24277275800704956,-10.070859909057617,-0.08622629940509796,0.0,0.14000000059604645,0.03302604705095291,0.010312776081264019,-0.04015116021037102,-1.5923419002760406,-1.556068796206426,90.1776631488573,0.0862258848723459,-0.03305786615436027
294,6114640049000,0.0010704161832109094,-0.020892297849059105,0.7070144414901733,0.7068896293640137,-0.025502800941467285,0.0915326401591301,0.0034431866370141506,0.7092787027359009,-0.2208976447582245,-9.685014724731445,-0.08622629940509796,0.0,0.14000000059604645,-0.02202792838215828,-0.009349226951599121,-0.014862792566418648,-1.606927674805287,-1.7793598764203682,90.03507131279684,0.08622628325152791,0.02203364700930499
295,6114675127000,-0.0009986275108531117,-0.022822486236691475,0.7070837020874023,0.7067607641220093,-0.2788931727409363,0.007515704724937677,0.02546476013958454,0.05759821832180023,0.3292025029659271,-9.83621883392334,-0.08622629940509796,0.0,0.14000000059604645,-0.0029195009265094995,0.019999319687485695,-0.06065196543931961,-1.9313731309346092,-1.7677319936127127,90.05597326413886,0.08622625825927807,0.002899961846040884
296,6114746184000,-0.004556676372885704,-0.028690040111541748,0.7066346406936646,0.7069820165634155,0.06779733300209045,-0.06606834381818771,-0.023349309340119362,0.7635518908500671,0.7993775606155396,-9.631694793701172,-0.08622629940509796,0.0,0.14000000059604645,-0.00043350778287276626,-0.00784446019679308,-0.02592387981712818,-2.694875901062824,-1.9557056558542039,90.01784650289724,0.08622629522226292,0.00043595115611345936
297,6114780115000,-0.004319367930293083,-0.025081243366003036,0.7069060802459717,0.7068493366241455,0.1179918646812439,0.021752161905169487,-0.06613653898239136,0.33700433373451233,1.1042864322662354,-9.76091194152832,-0.08622629940509796,0.0,0.14000000059604645,-0.03350363299250603,0.009854660369455814,-0.04018121957778931,-2.3832961459684534,-1.6819040670122192,90.03958744236816,0.08622627882348731,0.033496816103535804
298,6114848854000,-0.00378665653988719,-0.024540970101952553,0.7070063352584839,0.7067711353302002,-0.024069894105196,0.008059795014560223,0.07518813759088516,-0.3795243799686432,0.025703607127070427,-10.244609832763672,-0.08622629940509796,0.0,0.14000000059604645,-0.008894351311028004,-0.01617683470249176,-0.04920561984181404,-2.296519058912506,-1.6810311020328983,90.05276008774594,0.0862262628476833,0.008909243769876632
299,6114883101000,-0.004734887275844812,-0.025233564898371696,0.7064167857170105,0.7073302865028381,-0.07015539705753326,0.044254619628190994,0.05822974815964699,0.2935062348842621,-0.12328653782606125,-10.040811538696289,-0.08622629940509796,0.0,0.14000000059604645,-0.03279999643564224,-0.015157644636929035,-0.03775809332728386,-2.4281722370324403,-1.662230333996509,89.96118608783425,0.08622627961994973,0.03278972065853095
300,6114952121000,-0.006633332930505276,-0.02873523160815239,0.7072482109069824,0.7063499689102173,-0.19949208199977875,0.03147752583026886,-0.04138633608818054,0.4620892107486725,0.8578757643699646,-9.769428253173828,-0.08622629940509796,0.0,0.14000000059604645,-0.001107809948734939,0.01433839462697506,-0.04093243554234505,-2.8683457998841493,-1.7885738791828698,90.1175976980106,0.08622611778580705,0.0010783785538709993
301,6114986078000,-0.008279056288301945,-0.029527639970183372,0.7072585821151733,0.706289529800415,0.138795867562294,-0.029668357223272324,0.007293808273971081,0.1777031421661377,0.8994476199150085,-9.82865047454834,-0.08622629940509796,0.0,0.14000000059604645,-0.0020013758912682533,0.015084910206496716,-0.05983717739582062,-3.0659992444343507,-1.7190887821099048,90.12456795747539,0.08622609561785063,0.001968574766983693
302,6115021112000,-0.005242055747658014,-0.026302583515644073,0.7070374488830566,0.7066673040390015,0.26805853843688965,0.018999777734279633,-0.028687112033367157,0.07398536801338196,0.8598129749298096,-9.309475898742676,-0.08622629940509796,0.0,0.14000000059604645,-0.04121420532464981,0.010833075270056725,-0.056632667779922485,-2.5575227688405278,-1.7054712915179955,90.06807592043002,0.08622623854236075,0.04120130492963934
303,6115090110000,0.00152864761184901,-0.020636480301618576,0.7075915932655334,0.7063185572624207,0.11725842207670212,0.035434018820524216,0.017840856686234474,-0.17958353459835052,-0.29670968651771545,-9.028179168701172,-0.08622629940509796,0.0,0.14000000059604645,-0.01607920043170452,0.008821503259241581,-0.09851006418466568,-1.5505125894914926,-1.794520762002493,90.1274589884843,0.08622608604890991,0.016059536530931014
304,6115125046000,0.0002081319544231519,-0.02228909730911255,0.7070577144622803,0.7068043947219849,-0.32552674412727356,-0.032525647431612015,0.010141766630113125,1.026991844177246,0.43908095359802246,-9.217340469360352,-0.08622629940509796,0.0,0.14000000059604645,-0.029543954879045486,-0.012835439294576645,-0.09151995927095413,-1.790265560065794,-1.8224499751831422,90.0490080916972,0.08622626786231229,0.02955492289597743
305,6115193267000,-0.008827682584524155,-0.028093483299016953,0.7069950103759766,0.7066051959991455,-0.35737475752830505,-0.019957199692726135,-0.03782634437084198,0.26760393381118774,0.8833701610565186,-9.721587181091309,-0.08622629940509796,0.0,0.14000000059604645,-0.018236957490444183,0.03568241000175476,-0.07798827439546585,-2.9932682178415613,-1.5597692684981674,90.07235458448744,0.08622623065132476,0.018191882295526807
306,6115231106000,-0.012759985402226448,-0.030096741393208504,0.7072994112968445,0.7061578631401062,-0.11959188431501389,-0.10331454873085022,0.0006734391790814698,-0.04776596650481224,1.066500186920166,-9.810506820678711,-0.08622629940509796,0.0,0.14000000059604645,0.0031766723841428757,0.017420612275600433,-0.05622942000627518,-3.4750606008339213,-1.401356155715923,90.13505952102746,0.08622605984488162,-0.0032177279683015926
307,6115300041000,-0.012217273004353046,-0.030037896707654,0.707035481929779,0.7064341902732849,0.0181965921074152,-0.0013558478094637394,-0.00568980211392045,-0.5151916742324829,0.16093061864376068,-11.073027610778809,-0.08622629940509796,0.0,0.12999999523162842,-0.0560329370200634,0.007041149772703648,-0.0447213351726532,-3.4258097399939524,-1.4419147802604186,90.0918697404817,0.08622618856181676,0.05602157500802973
308,6115334102000,-0.012646431103348732,-0.03259209170937538,0.7064536809921265,0.7068953514099121,-0.0957675650715828,0.10259931534528732,0.04127917438745499,0.16296729445457458,1.0457253456115723,-10.074716567993164,-0.08622629940509796,0.0,0.14000000059604645,-0.06403617560863495,-0.01814861409366131,-0.0017690560780465603,-3.6668234777695727,-1.616537573543899,90.01593902572075,0.0862262960686218,0.06404122186606706
309,6115371014000,-0.013141998089849949,-0.03378491476178169,0.705816388130188,0.7074666023254395,-0.001414563856087625,0.09052973985671997,0.027740316465497017,0.670839250087738,0.9224072694778442,-9.290547370910645,-0.08622629940509796,0.0,0.14000000059604645,-0.06154793128371239,-0.013059193268418312,-0.009043686091899872,-3.80237880316742,-1.6762395161469685,89.92184307990274,0.08622621918202497,0.06153006003844853
310,6115440139000,-0.007739017251878977,-0.030818430706858635,0.7071197628974915,0.7063793540000916,0.16335131227970123,0.036989327520132065,-0.04980799928307533,0.7504906058311462,1.0280730724334717,-9.429790496826172,-0.08622629940509796,0.0,0.14000000059604645,-0.04902045428752899,0.027699332684278488,-0.023336024954915047,-3.1268647515197023,-1.867840244335147,90.11100951933533,0.08622613756549817,0.0489666953660045
311,6115474035000,-0.006550990045070648,-0.030994269996881485,0.7074052095413208,0.7060979604721069,0.0723077654838562,-0.020053545013070107,0.026310261338949203,0.4538438022136688,-0.19763097167015076,-9.670883178710938,-0.09580700099468231,0.0,0.14000000059604645,-0.05065423250198364,0.010210152715444565,-0.05174189433455467,-3.045784241113633,-1.9771868537831772,90.15854778884672,0.09580663418390482,0.050625785261122755
312,6115543151000,-0.008330867625772953,-0.030165988951921463,0.7064244151115417,0.70709627866745,-0.24760806560516357,-0.004593898542225361,0.011758571490645409,0.35876908898353577,0.48269134759902954,-9.562681198120117,-0.09580700099468231,0.0,0.14000000059604645,-0.09362094104290009,0.023855702951550484,-0.015168297104537487,-3.1200024468894765,-1.7701631616030735,89.99374550100013,0.09580700042385198,0.09362354461180729
313,6115577083000,-0.013351993635296822,-0.03497188165783882,0.7065703868865967,0.7066519260406494,-0.1708473563194275,-0.022347506135702133,-0.0031991114374250174,0.18620097637176514,0.744504451751709,-9.447199821472168,-0.09580700099468231,0.0,0.14000000059604645,-0.052603594958782196,0.016944944858551025,-0.05504841357469559,-3.9176442509922604,-1.7510969423779967,90.0532826841516,0.09580695956666556,0.05258781412301941
314,6115646120000,-0.015337033197283745,-0.03616011515259743,0.7066472768783569,0.7064749002456665,0.14974388480186462,-0.012458020821213722,-0.017961012199521065,-0.19885052740573883,1.2188916206359863,-10.78437614440918,-0.10538770258426666,0.0,0.14000000059604645,-0.08494722843170166,0.009407315403223038,-0.05497223883867264,-4.1752203114051,-1.685695008542808,90.07542925059654,0.1053876112583164,0.08493477019732215
315,6115682163000,-0.013069607317447662,-0.03331379592418671,0.7064809799194336,0.7068266868591309,0.2092992216348648,0.005020908545702696,-0.0011762569192796946,0.4441089928150177,0.42194461822509766,-9.408613204956055,-0.10538770258426666,0.0,0.14000000059604645,-0.09166637808084488,-0.01067584939301014,-0.01997711881995201,-3.7598054002005723,-1.6404477604316479,90.025816836438,0.10538769188582024,0.09167117919330647
316,6115717122000,-0.010317289270460606,-0.029214367270469666,0.706598699092865,0.7069358229637146,0.10916561633348465,0.04234232008457184,0.009541944600641727,0.08031253516674042,1.0140472650527954,-9.055118560791016,-0.10538770258426666,0.0,0.14000000059604645,-0.11033174395561218,0.020857376977801323,-0.05517050623893738,-3.2041004458832267,-1.5314121386694663,90.01550385096272,0.10538769872598576,0.1103260960510568
317,6115790244000,-0.010667826980352402,-0.03117991052567959,0.706656813621521,0.7067885398864746,-0.03552038595080376,-0.02208472602069378,0.014010343700647354,0.4290454387664795,0.0008827967685647309,-9.919978141784668,-0.11496841162443161,0.0,0.12999999523162842,-0.10036230832338333,-0.005511889234185219,-0.05651658773422241,-3.392268993827397,-1.6617088521785266,90.03853022818478,0.11496838562843831,0.10036599226141131
318,6115824094000,-0.01211827713996172,-0.031191499903798103,0.7062997221946716,0.7071216702461243,-0.17381668090820312,-0.042355917394161224,-0.0069374945014715195,0.5910996794700623,0.7043860554695129,-9.913942337036133,-0.11496841162443161,0.0,0.12999999523162842,-0.11978667974472046,-0.0032913994509726763,-0.05198730528354645,-3.5099336783239683,-1.5468356881559036,89.98075868621581,0.11496840514148103,0.11978556765824944
319,6115893033000,-0.012502566911280155,-0.02803598903119564,0.7073253989219666,0.7062211632728577,0.25494226813316345,0.019407840445637703,-0.018104994669556618,0.06633467972278595,1.5910899639129639,-8.832822799682617,-0.12454910576343536,0.0,0.12999999523162842,-0.07077901810407639,0.018779760226607323,-0.07069043070077896,-3.286802180470485,-1.2555916206872755,90.12554187799915,0.12454880678323983,0.07073769954022538
320,6115928521000,-0.0031760758720338345,-0.021289808675646782,0.7079743146896362,0.7059099674224854,0.6657601594924927,0.045390792191028595,-0.021947920322418213,-0.19443237781524658,1.108399748802185,-10.101738929748535,-0.13412980735301971,0.0,0.12999999523162842,-0.08405978977680206,0.027176225557923317,-0.09272880107164383,-1.9851599329798688,-1.4646522243815552,90.19268697983468,0.13412904885514126,0.08396792034433072
321,6115998133000,0.006651313044130802,-0.012272815220057964,0.7068442106246948,0.7072314023971558,0.18873588740825653,0.10203199833631516,0.048067208379507065,0.04022059962153435,-0.42933422327041626,-10.271710395812988,-0.13412980735301971,0.0,0.12999999523162842,-0.14236408472061157,-0.0011650865199044347,-0.022036908194422722,-0.45520535399957274,-1.5335515830115214,89.97471568458184,0.13412979429274138,0.14236355671223952
322,6116033047000,0.0035299283917993307,-0.0190794188529253,0.7065250873565674,0.7074218988418579,-0.4484623372554779,-0.036577992141246796,0.05775119364261627,0.09422741830348969,0.1617608219385147,-10.92526912689209,-0.14371050894260406,0.0,0.12999999523162842,-0.08480969071388245,0.010008924640715122,-0.07056821137666702,-1.2592977928852307,-1.8327671119089104,89.94746267256627,0.14371044852699064,0.0848188327356529
323,6116069498000,-0.0028188105206936598,-0.025750387459993362,0.7057993412017822,0.7079379558563232,-0.30493488907814026,-0.06549064069986343,-0.06310476362705231,0.8297951221466064,1.5708906650543213,-9.932169914245605,-0.14371050894260406,0.0,0.12999999523162842,-0.08802589774131775,-0.009819064289331436,-0.014137198217213154,-2.3131776320994066,-1.8613130677104828,89.86423448434326,0.1437101054904759,0.08800238382422367
324,6116138135000,-0.004608569201081991,-0.02322031743824482,0.7072592973709106,0.7065577507019043,0.3298429250717163,-0.14732742309570312,-0.03052554838359356,-0.05443543195724487,1.224555492401123,-10.320324897766113,-0.15329121053218842,0.0,0.12999999523162842,-0.08236414194107056,0.014780093915760517,-0.046214357018470764,-2.2564111222142293,-1.5067136877090441,90.08653528567659,0.15329103569718985,0.08234172525481653
325,6116172052000,-0.0006208606064319611,-0.017431311309337616,0.7071784734725952,0.7068198919296265,0.34659543633461,0.08980392664670944,0.037517186254262924,0.3487635850906372,0.6405163407325745,-9.133190155029297,-0.15329121053218842,0.0,0.12999999523162842,-0.08546297252178192,-0.011449988931417465,-0.028390994295477867,-1.4634349825703663,-1.3616751104078506,90.0464512871095,0.15329116015458838,0.08547222725972935
